{"name":"t:sections.footer.name","type":"footer","sections":{"footer":{"type":"footer","blocks":{"link_list_cXjcTN":{"type":"link_list","source":"{{ metaobjects.domain_specific_page_info[\"domain-specific-page-info-waxwane\"].brand.value }}","settings":{"heading":"Policies","menu":"footer"}},"link_list_VFJUh8":{"type":"link_list","settings":{"heading":"<strong>Blogs<\/strong>","menu":"blogs"}},"link_list_w3V6wW":{"type":"link_list","settings":{"heading":"<strong>Learn More<\/strong>","menu":"follow-us"}},"text_znkdnQ":{"type":"text","settings":{"heading":"About Wax | Wane","subtext":"<p>Based in Lincoln, Nebraska, we’re a woman-owned store curating Korean skincare, authentic crystals, and design-forward EMF gear — all chosen for integrity, function, and form.<\/p><p>Our shelves change slowly, on purpose. We add only what we'd keep ourselves.<\/p><p><\/p>"}}},"block_order":["link_list_cXjcTN","link_list_VFJUh8","link_list_w3V6wW","text_znkdnQ"],"disabled":true,"custom_css":[],"settings":{"color_scheme":"scheme-2","newsletter_enable":true,"newsletter_heading":"Subscribe to our emails","enable_follow_on_shop":true,"show_social":true,"enable_country_selector":false,"enable_language_selector":false,"payment_enable":true,"show_policy":true,"margin_top":0,"padding_top":28,"padding_bottom":12}}},"order":["footer"]}