{"name":"t:sections.header.name","type":"header","sections":{"announcement_bar_4MYDXL":{"type":"announcement-bar","blocks":{"announcement_RDTn6Y":{"type":"announcement","settings":{"text":"with good intentions","link":"shopify:\/\/collections\/all"}}},"block_order":["announcement_RDTn6Y"],"disabled":true,"name":"t:sections.announcement-bar.presets.name","settings":{"auto_rotate":true,"change_slides_speed":5,"color_scheme":"scheme-2","show_line_separator":true,"show_social":true,"enable_country_selector":false,"enable_language_selector":false}},"header":{"type":"header","disabled":true,"custom_css":[],"settings":{"logo_position":"top-center","mobile_logo_position":"center","menu":"customer-account-main-menu","menu_type_desktop":"drawer","sticky_header_type":"none","show_line_separator":true,"color_scheme":"scheme-1","menu_color_scheme":"scheme-1","enable_country_selector":true,"enable_language_selector":true,"enable_customer_avatar":false,"margin_bottom":16,"padding_top":12,"padding_bottom":12}}},"order":["announcement_bar_4MYDXL","header"]}