{"sections":{"featured_product_R9Cfba":{"type":"featured-product","blocks":{"text_ykLRAM":{"type":"text","settings":{"text":"{{ section.settings.product.vendor }}","text_style":"uppercase"}},"title_H6aUAM":{"type":"title","settings":{"heading_size":"h1"}},"price_d8gRCE":{"type":"price","settings":{}},"variant_picker_RBGVRP":{"type":"variant_picker","settings":{"picker_type":"button","swatch_shape":"circle"}},"quantity_selector_fLidHA":{"type":"quantity_selector","settings":{}},"buy_buttons_bAhMjr":{"type":"buy_buttons","settings":{"show_dynamic_checkout":true,"show_gift_card_recipient":true}},"share_zzB8qq":{"type":"share","settings":{"share_label":"Share"}}},"block_order":["text_ykLRAM","title_H6aUAM","price_d8gRCE","variant_picker_RBGVRP","quantity_selector_fLidHA","buy_buttons_bAhMjr","share_zzB8qq"],"name":"t:sections.featured-product.presets.name","settings":{"product":"{{ metaobject.product.value }}","color_scheme":"scheme-2","secondary_background":false,"media_size":"medium","constrain_to_viewport":true,"media_fit":"contain","media_position":"left","image_zoom":"lightbox","hide_variants":false,"enable_video_looping":false,"padding_top":36,"padding_bottom":36}},"featured_blog_LQA93x":{"type":"featured-blog","name":"t:sections.featured-blog.presets.name","settings":{"blog":"","post_limit":3,"heading":"Blog posts","heading_size":"h1","columns_desktop":3,"show_view_all":true,"show_image":true,"show_date":true,"show_author":false,"color_scheme":"","padding_top":36,"padding_bottom":36}},"page_LDRjA9":{"type":"page","name":"t:sections.page.presets.name","settings":{"page":"","heading_size":"h1","color_scheme":"","padding_top":36,"padding_bottom":36}}},"order":["featured_product_R9Cfba","featured_blog_LQA93x","page_LDRjA9"]}