{"sections":{"image_with_text_nLiLwc":{"type":"image-with-text","blocks":{"heading_wU4Hwc":{"type":"heading","source":"{{ metaobject }}","settings":{"heading":"{{ metaobject.name.value }}"}},"text_BzKTbJ":{"type":"text","source":"{{ metaobject }}","settings":{"text":"<p>{{ metaobject.description | metafield_tag }}<\/p>"}}},"block_order":["heading_wU4Hwc","text_BzKTbJ"],"name":"t:sections.image-with-text.presets.name","settings":{"height":"adapt","desktop_image_width":"medium","layout":"image_first","image_behavior":"none","content_layout":"no-overlap","desktop_content_position":"top","desktop_content_alignment":"left","mobile_content_alignment":"left","section_color_scheme":"","color_scheme":"","padding_top":36,"padding_bottom":36}},"featured_collection_VgAMBU":{"type":"featured-collection","name":"t:sections.featured-collection.presets.name","settings":{"collection":"haramoon-korean-skincare","products_to_show":4,"title":"","heading_size":"h2","description":"","show_description":false,"description_style":"body","columns_desktop":3,"enable_desktop_slider":true,"full_width":false,"show_view_all":false,"view_all_style":"solid","color_scheme":"scheme-2","image_ratio":"adapt","image_shape":"default","show_secondary_image":false,"show_vendor":false,"show_rating":false,"quick_add":"standard","columns_mobile":"2","swipe_on_mobile":true,"padding_top":36,"padding_bottom":36}},"newsletter_DfzaJF":{"type":"newsletter","blocks":{"heading_EH6MEg":{"type":"heading","settings":{"heading":"Subscribe to our emails","heading_size":"h1"}},"paragraph_MCdYmz":{"type":"paragraph","settings":{"text":"<p>Be the first to know about new collections and exclusive offers.<\/p>"}},"email_form_brL3KN":{"type":"email_form","settings":{}}},"block_order":["heading_EH6MEg","paragraph_MCdYmz","email_form_brL3KN"],"name":"t:sections.newsletter.presets.name","settings":{"color_scheme":"","full_width":true,"padding_top":40,"padding_bottom":52}}},"order":["image_with_text_nLiLwc","featured_collection_VgAMBU","newsletter_DfzaJF"]}