{"sections":{"blocks_qhkEpL":{"type":"_blocks","blocks":{"ai_gen_block_d149342_QKJqaD":{"type":"ai_gen_hmingredientcardsblock_d149342","name":"HARAMOON-Ingredient Cards","settings":{"title":"Common K-Beauty Ingredients","subtitle":"Discover the science behind Korean skincare with our interactive ingredient explorer. Learn about the cultural differences between South Korean and American beauty approaches.","background_color":"#ffffff","text_color":"#0a506d","accent_color":"#0e5349","filter_bg_color":"#ffffff","filter_text_color":"#0a506d","filter_border_color":"#dbe8ff","filter_active_bg_color":"#0a506d","filter_active_text_color":"#ffffff","filter_border_radius":6,"card_bg_color":"#ffffff","card_text_color":"#0a506d","card_border_color":"#efecec","card_border_radius":8,"natural_badge_color":"#0e5349","natural_badge_text_color":"#ffffff","synthetic_badge_color":"#ab94a0","synthetic_badge_text_color":"#ffffff","modal_bg_color":"#ffffff","modal_text_color":"#0a506d","modal_border_radius":12,"cultural_note_bg_color":"#efeeec","cultural_note_text_color":"#002c60","stats_bg_color":"#efeeec","stats_border_radius":8,"title_size":32,"subtitle_size":16,"border_radius":12},"blocks":{}}},"block_order":["ai_gen_block_d149342_QKJqaD"],"name":"HM Glossary Explorer","settings":{}}},"order":["blocks_qhkEpL"]}