{"sections":{"rich_text_B4htXL":{"type":"rich-text","blocks":{"heading_CGCrnA":{"type":"heading","source":"{{ metaobject }}","settings":{"heading":"{{ metaobject.business_name.value }}","heading_size":"h1"}},"text_pP9qMG":{"type":"text","source":"{{ metaobject }}","settings":{"text":"{{ metaobject.rich_text | metafield_tag }}"}},"button_UPDhGT":{"type":"button","settings":{"button_label":"Learn More About {{ metaobject.business_name.value }}","button_link":"{{ metaobject.company_website.value }}","button_style_secondary":true,"button_label_2":"Follow {{ metaobject.business_name.value }}","button_link_2":"{{ metaobject.system.url }}","button_style_secondary_2":false}}},"block_order":["heading_CGCrnA","text_pP9qMG","button_UPDhGT"],"name":"t:sections.rich-text.presets.name","settings":{"desktop_content_position":"center","content_alignment":"center","color_scheme":"","full_width":true,"padding_top":40,"padding_bottom":52}},"blocks_pqYTgm":{"type":"_blocks","blocks":{"lnkcopyrightfooter_XknJkp":{"type":"lnkcopyrightfooter","settings":{"logo":"shopify:\/\/shop_images\/lnk-logo-bw.png","logo_size":80,"heading":"Join the Good Life","subheading":"Discover stories, legends, and inspirations from Nebraska.","button_text":"Follow Us","button_link":"{{ closest.metaobject.lincoln_nebraska_directory.domain.value.facebook_page.value }}","copyright_text":"© 2025 LNK.Nebraska. All Rights Reserved.","background_color":"#1f5c46","heading_color":"#ffffff","text_color":"#ffffff","button_color":"#ff6b47","button_text_color":"#ffffff","button_hover_color":"#e55a3c","button_hover_text_color":"#ffffff","copyright_bg_color":"#1a5240","copyright_text_color":"#f8f2e8","heading_size":32,"text_size":16,"copyright_text_size":12,"section_padding":40,"button_radius":20,"copyright_alignment":"center"},"blocks":{}}},"block_order":["lnkcopyrightfooter_XknJkp"],"name":"Nebraska footer","settings":{}}},"order":["rich_text_B4htXL","blocks_pqYTgm"]}