{"sections":{"rich_text_7WrJe6":{"type":"rich-text","blocks":{"text_WrktPb":{"type":"text","settings":{"text":"<p><strong>{{ article.metafields.custom.blog_date | metafield_tag }}<\/strong><\/p>"}}},"block_order":["text_WrktPb"],"name":"t:sections.rich-text.presets.name","settings":{"desktop_content_position":"center","content_alignment":"center","color_scheme":"","full_width":true,"padding_top":40,"padding_bottom":0}},"main":{"type":"main-article","blocks":{"title":{"type":"title","settings":{"blog_show_date":false,"blog_show_author":false}}},"block_order":["title"],"custom_css":[".article-template__title {text-align: center;}",".article-template__back {display: none;}",".article-template__comment-wrapper {display: none;}"],"settings":{}},"rich_text_aJmtr3":{"type":"rich-text","blocks":{"text_VMBihT":{"type":"text","settings":{"text":"{{ article.excerpt }}"}}},"block_order":["text_VMBihT"],"name":"t:sections.rich-text.presets.name","settings":{"desktop_content_position":"center","content_alignment":"center","color_scheme":"","full_width":true,"padding_top":32,"padding_bottom":52}},"multirow_TtW96f":{"type":"multirow","blocks":{"row_cUrfrj":{"type":"row","settings":{"image":"{{ article.metafields.custom[\"1st_section_image\"].value }}","caption":"","heading":"{{ article.metafields.custom[\"1st_section_title\"].value }}","text":"{{ article.metafields.custom[\"2nd_section_description\"] | metafield_tag }}","button_label":"","button_link":""}},"row_tQpDfb":{"type":"row","settings":{"image":"{{ article.metafields.custom[\"2nd_section_image\"].value }}","caption":"","heading":"{{ article.metafields.custom[\"2nd_section_title\"].value }}","text":"{{ article.metafields.custom[\"2nd_section_description\"] | metafield_tag }}","button_label":"","button_link":""}}},"block_order":["row_cUrfrj","row_tQpDfb"],"name":"t:sections.multirow.presets.name","settings":{"image_height":"medium","desktop_image_width":"medium","image_layout":"alternate-left","heading_size":"h1","text_style":"body","button_style":"secondary","desktop_content_position":"middle","desktop_content_alignment":"left","mobile_content_alignment":"left","section_color_scheme":"","row_color_scheme":"","padding_top":36,"padding_bottom":36}},"featured_blog_UCaYc4":{"type":"featured-blog","disabled":true,"name":"t:sections.featured-blog.presets.name","settings":{"blog":"","post_limit":3,"heading":"Discover More","heading_size":"h1","columns_desktop":3,"show_view_all":true,"show_image":true,"show_date":true,"show_author":false,"color_scheme":"","padding_top":36,"padding_bottom":36}}},"order":["rich_text_7WrJe6","main","rich_text_aJmtr3","multirow_TtW96f","featured_blog_UCaYc4"]}