{"sections":{"main":{"type":"main-blog","settings":{"layout":"grid","show_image":true,"image_height":"medium","show_date":true,"show_author":false,"padding_top":40,"padding_bottom":68}},"featured_product_3rrxH7":{"type":"featured-product","blocks":{"text_8FnPji":{"type":"text","settings":{"text":"{{ section.settings.product.vendor }}","text_style":"uppercase"}},"title_DBhcrB":{"type":"title","settings":{"heading_size":"h1"}},"price_ak3dCA":{"type":"price","settings":{}},"variant_picker_JPiT9q":{"type":"variant_picker","settings":{"picker_type":"button","swatch_shape":"circle"}},"quantity_selector_qKxjDD":{"type":"quantity_selector","settings":{}},"buy_buttons_h6f6Bz":{"type":"buy_buttons","settings":{"show_dynamic_checkout":true,"show_gift_card_recipient":true}},"share_779J34":{"type":"share","settings":{"share_label":"Share"}}},"block_order":["text_8FnPji","title_DBhcrB","price_ak3dCA","variant_picker_JPiT9q","quantity_selector_qKxjDD","buy_buttons_h6f6Bz","share_779J34"],"name":"t:sections.featured-product.presets.name","settings":{"product":"","color_scheme":"","secondary_background":false,"media_size":"medium","constrain_to_viewport":true,"media_fit":"contain","media_position":"left","image_zoom":"lightbox","hide_variants":false,"enable_video_looping":false,"padding_top":36,"padding_bottom":36}},"video_rxizcw":{"type":"video","disabled":true,"name":"t:sections.video.presets.name","settings":{"heading":"Video","heading_size":"h1","enable_video_looping":false,"video_url":"https:\/\/www.youtube.com\/watch?v=_9VUPq3SxOc","description":"","full_width":false,"color_scheme":"","padding_top":36,"padding_bottom":36}}},"order":["main","featured_product_3rrxH7","video_rxizcw"]}