{"sections":{"slideshow_TDPJeA":{"type":"slideshow","blocks":{"slide_e9XBQh":{"type":"slide","disabled":true,"settings":{"image_overlay_opacity":0,"heading":"Image slide","heading_size":"h1","subheading":"Tell your brand's story through images","button_label":"Button label","link":"","button_style_secondary":false,"show_text_box":true,"box_align":"middle-center","text_alignment":"center","text_alignment_mobile":"center","color_scheme":""}},"slide_974eYB":{"type":"slide","settings":{"image_overlay_opacity":0,"heading":"Image slide","heading_size":"h1","subheading":"Tell your brand's story through images","button_label":"Button label","link":"","button_style_secondary":false,"show_text_box":true,"box_align":"middle-center","text_alignment":"center","text_alignment_mobile":"center","color_scheme":""}}},"block_order":["slide_e9XBQh","slide_974eYB"],"disabled":true,"name":"t:sections.slideshow.presets.name","settings":{"layout":"full_bleed","slide_height":"medium","slider_visual":"counter","auto_rotate":true,"change_slides_speed":3,"image_behavior":"none","show_text_below":true,"accessibility_info":"Slideshow about the collection"}},"main-collection-banner":{"type":"main-collection-banner","settings":{"show_collection_description":true,"show_collection_image":true,"color_scheme":"scheme-1"}},"main-collection-product-grid":{"type":"main-collection-product-grid","settings":{"products_per_page":24,"columns_desktop":4,"columns_mobile":"2","color_scheme":"scheme-2","image_ratio":"portrait","image_shape":"default","show_secondary_image":true,"show_vendor":false,"show_rating":true,"quick_add":"standard","enable_filtering":true,"filter_type":"drawer","enable_sorting":true,"padding_top":20,"padding_bottom":24}},"collapsible_content_gkqW8L":{"type":"collapsible-content","blocks":{"collapsible_row_d3yrpw":{"type":"collapsible_row","settings":{"heading":"Our Philosophy","icon":"clipboard","row_content":"<p>We don’t do fast trends. We curate with care—prioritizing quality, sustainability, and makers with heart. Every product supports your wellbeing and our planet.<\/p>","page":""}},"collapsible_row_cXKUbw":{"type":"collapsible_row","settings":{"heading":"Our Products","icon":"leaf","row_content":"<p>From rare skincare finds like <em>HARAMOON<\/em> to EMF-blocking fashion and wellness tools, we stock what we use and love ourselves.<\/p>","page":""}},"collapsible_row_Ta7mU3":{"type":"collapsible_row","settings":{"heading":"Small Business Friendly","icon":"star","row_content":"<p>We proudly partner with local creators and businesses. When you shop with us, you uplift real people behind the products.<\/p>","page":""}},"collapsible_row_cJWk3b":{"type":"collapsible_row","settings":{"heading":"Shipping & Sustainability","icon":"truck","row_content":"<p>We ship fast, pack mindfully, and reduce waste where possible. Every step matters—especially the small ones.<\/p>","page":""}}},"block_order":["collapsible_row_d3yrpw","collapsible_row_cXKUbw","collapsible_row_Ta7mU3","collapsible_row_cJWk3b"],"disabled":true,"name":"t:sections.collapsible_content.presets.name","settings":{"caption":"","heading":"Why Shop With <strong>Wax and Wane<\/strong>?","heading_size":"h1","heading_alignment":"center","layout":"none","container_color_scheme":"","color_scheme":"","open_first_collapsible_row":false,"image_ratio":"adapt","desktop_layout":"image_second","padding_top":36,"padding_bottom":36}},"featured_blog_YxNctj":{"type":"featured-blog","disabled":true,"name":"t:sections.featured-blog.presets.name","settings":{"blog":"wax-wane","post_limit":3,"heading":"From The Blog","heading_size":"h1","columns_desktop":3,"show_view_all":false,"show_image":true,"show_date":true,"show_author":false,"color_scheme":"scheme-1","padding_top":20,"padding_bottom":20}},"collection_list_Q6dpTH":{"type":"collection-list","blocks":{"featured_collection_WyrWCK":{"type":"featured_collection","settings":{"collection":"daily-essentials"}},"featured_collection_am6YiN":{"type":"featured_collection","settings":{"collection":"haramoon-korean-skincare"}},"featured_collection_4jQAJV":{"type":"featured_collection","settings":{"collection":"jewelry-by-wax-wane"}},"featured_collection_QaXXNM":{"type":"featured_collection","settings":{"collection":"emf-shielding-faraday-protection"}}},"block_order":["featured_collection_WyrWCK","featured_collection_am6YiN","featured_collection_4jQAJV","featured_collection_QaXXNM"],"name":"t:sections.collection-list.presets.name","settings":{"title":"Other Collections","heading_size":"h1","image_ratio":"square","columns_desktop":4,"color_scheme":"scheme-5","show_view_all":true,"columns_mobile":"1","swipe_on_mobile":false,"padding_top":36,"padding_bottom":36}},"newsletter_PgjYmp":{"type":"newsletter","blocks":{"heading_t7MdF6":{"type":"heading","settings":{"heading":"Subscribe to our emails","heading_size":"h1"}},"paragraph_cCHgMm":{"type":"paragraph","settings":{"text":"<p>Be the first to know about new collections and exclusive offers.<\/p>"}},"email_form_LWR6hf":{"type":"email_form","settings":{}}},"block_order":["heading_t7MdF6","paragraph_cCHgMm","email_form_LWR6hf"],"name":"t:sections.newsletter.presets.name","settings":{"color_scheme":"","full_width":true,"padding_top":40,"padding_bottom":12}}},"order":["slideshow_TDPJeA","main-collection-banner","main-collection-product-grid","collapsible_content_gkqW8L","featured_blog_YxNctj","collection_list_Q6dpTH","newsletter_PgjYmp"]}