{"order":["main-collection-banner","main-collection-product-grid","collapsible_content_gkqW8L","collection_list_Q6dpTH","featured_blog_YxNctj"],"sections":{"collapsible_content_gkqW8L":{"type":"collapsible-content","blocks":{"collapsible_row_Ta7mU3":{"type":"collapsible_row","settings":{"heading":"Small Business Friendly","icon":"star","row_content":"<p>We proudly partner with local creators and businesses. When you shop with us, you uplift real people behind the products.<\/p>","page":""}},"collapsible_row_cJWk3b":{"type":"collapsible_row","settings":{"heading":"Shipping & Sustainability","icon":"truck","row_content":"<p>We ship fast, pack mindfully, and reduce waste where possible. Every step matters—especially the small ones.<\/p>","page":""}},"collapsible_row_cXKUbw":{"type":"collapsible_row","settings":{"heading":"Our Products","icon":"leaf","row_content":"<p>From rare skincare finds like <em>HARAMOON<\/em> to EMF-blocking fashion and wellness tools, we stock what we use and love ourselves.<\/p>","page":""}},"collapsible_row_d3yrpw":{"type":"collapsible_row","settings":{"heading":"Our Philosophy","icon":"clipboard","row_content":"<p>We don’t do fast trends. We curate with care—prioritizing quality, sustainability, and makers with heart. Every product supports your wellbeing and our planet.<\/p>","page":""}}},"block_order":["collapsible_row_d3yrpw","collapsible_row_cXKUbw","collapsible_row_Ta7mU3","collapsible_row_cJWk3b"],"name":"t:sections.collapsible_content.presets.name","settings":{"caption":"","heading":"Why Shop With <strong>Wax and Wane<\/strong>?","heading_size":"h1","heading_alignment":"center","layout":"none","container_color_scheme":"","color_scheme":"","open_first_collapsible_row":false,"image_ratio":"adapt","desktop_layout":"image_second","padding_top":36,"padding_bottom":36}},"collection_list_Q6dpTH":{"type":"collection-list","blocks":{"featured_collection_4jQAJV":{"type":"featured_collection","settings":{"collection":"haramoon-korean-skincare"}},"featured_collection_QaXXNM":{"type":"featured_collection","settings":{"collection":"current-favorites-recommendations"}},"featured_collection_WyrWCK":{"type":"featured_collection","settings":{"collection":"jewelry-1"}},"featured_collection_am6YiN":{"type":"featured_collection","settings":{"collection":"emf-shielding-🛡️"}}},"block_order":["featured_collection_WyrWCK","featured_collection_am6YiN","featured_collection_4jQAJV","featured_collection_QaXXNM"],"name":"t:sections.collection-list.presets.name","settings":{"title":"Our Featured Collections","heading_size":"h1","image_ratio":"square","columns_desktop":4,"color_scheme":"","show_view_all":true,"columns_mobile":"1","swipe_on_mobile":false,"padding_top":36,"padding_bottom":36}},"featured_blog_YxNctj":{"type":"featured-blog","name":"t:sections.featured-blog.presets.name","settings":{"blog":"crystals-science-magic","post_limit":2,"heading":"Blog posts","heading_size":"h2","columns_desktop":2,"show_view_all":true,"show_image":true,"show_date":true,"show_author":false,"color_scheme":"scheme-3","padding_top":36,"padding_bottom":36}},"main-collection-banner":{"type":"main-collection-banner","settings":{"show_collection_description":true,"show_collection_image":false,"color_scheme":"scheme-2"}},"main-collection-product-grid":{"type":"main-collection-product-grid","settings":{"products_per_page":8,"columns_desktop":5,"columns_mobile":"2","color_scheme":"scheme-2","image_ratio":"portrait","image_shape":"default","show_secondary_image":true,"show_vendor":false,"show_rating":true,"quick_add":"standard","enable_filtering":true,"filter_type":"drawer","enable_sorting":true,"padding_top":20,"padding_bottom":68}}}}