{"sections":{"slideshow_TDPJeA":{"type":"slideshow","blocks":{"slide_e9XBQh":{"type":"slide","disabled":true,"settings":{"image_overlay_opacity":0,"heading":"Image slide","heading_size":"h1","subheading":"Tell your brand's story through images","button_label":"Button label","link":"","button_style_secondary":false,"show_text_box":true,"box_align":"middle-center","text_alignment":"center","text_alignment_mobile":"center","color_scheme":""}},"slide_974eYB":{"type":"slide","settings":{"image_overlay_opacity":0,"heading":"Image slide","heading_size":"h1","subheading":"Tell your brand's story through images","button_label":"Button label","link":"","button_style_secondary":false,"show_text_box":true,"box_align":"middle-center","text_alignment":"center","text_alignment_mobile":"center","color_scheme":""}}},"block_order":["slide_e9XBQh","slide_974eYB"],"disabled":true,"name":"t:sections.slideshow.presets.name","settings":{"layout":"full_bleed","slide_height":"medium","slider_visual":"counter","auto_rotate":true,"change_slides_speed":3,"image_behavior":"none","show_text_below":true,"accessibility_info":"Slideshow about the collection"}},"main-collection-product-grid":{"type":"main-collection-product-grid","settings":{"products_per_page":8,"columns_desktop":3,"columns_mobile":"2","color_scheme":"scheme-2","image_ratio":"portrait","image_shape":"default","show_secondary_image":true,"show_vendor":false,"show_rating":true,"quick_add":"standard","enable_filtering":true,"filter_type":"drawer","enable_sorting":true,"padding_top":20,"padding_bottom":24}},"main-collection-banner":{"type":"main-collection-banner","disabled":true,"settings":{"show_collection_description":false,"show_collection_image":false,"color_scheme":"scheme-4"}},"rich_text_bNhgpe":{"type":"rich-text","blocks":{"heading_HUFWEw":{"type":"heading","settings":{"heading":"{{ collection.title }}","heading_size":"h1"}},"text_MrbzmB":{"type":"text","settings":{"text":"{{ collection.description }}"}}},"block_order":["heading_HUFWEw","text_MrbzmB"],"name":"t:sections.rich-text.presets.name","settings":{"desktop_content_position":"center","content_alignment":"center","color_scheme":"","full_width":true,"padding_top":40,"padding_bottom":52}},"collage_m9Fpyj":{"type":"collage","blocks":{"image_mFgtw9":{"type":"image","settings":{"image":"shopify:\/\/shop_images\/HARAMOON_skin_barrier_marketing_banner_image.jpg"}}},"block_order":["image_mFgtw9"],"name":"t:sections.collage.presets.name","settings":{"heading":"","heading_size":"h2","desktop_layout":"left","mobile_layout":"column","card_styles":"product-card-wrapper","color_scheme":"scheme-4","padding_top":0,"padding_bottom":0}},"rich_text_7cAxPr":{"type":"rich-text","blocks":{"heading_NiNmiQ":{"type":"heading","settings":{"heading":"This is more than skincare. It’s a return to rhythm. ","heading_size":"h2"}}},"block_order":["heading_NiNmiQ"],"name":"t:sections.rich-text.presets.name","settings":{"desktop_content_position":"center","content_alignment":"center","color_scheme":"scheme-4","full_width":true,"padding_top":40,"padding_bottom":52}},"collage_WVpN3B":{"type":"collage","blocks":{"image_ifwMNT":{"type":"image","settings":{"image":"shopify:\/\/shop_images\/EWG_Haramoon_Certification_2dd943cd-93fb-4cc1-9d93-fdf0c63c23d7.jpg"}}},"block_order":["image_ifwMNT"],"name":"t:sections.collage.presets.name","settings":{"heading":"","heading_size":"h2","desktop_layout":"left","mobile_layout":"column","card_styles":"product-card-wrapper","color_scheme":"scheme-4","padding_top":0,"padding_bottom":0}},"rich_text_VePQWD":{"type":"rich-text","blocks":{"text_ezTFT7":{"type":"text","settings":{"text":"<h2>A clean, Seoul-born routine designed to prepare your skin, not punish it.<\/h2><h3>Every formula supports barrier health with irritation-minimizing ingredients and daily-use simplicity. No parabens. No sulfates. No fragrance fog. Just pH-balanced products that strengthen from the first swipe.<\/h3><p> <\/p><h3>Sensitive skin? Tired of layering actives with no results? HARAMOON builds the base that transforms your skincare—so every product that follows can do its job better. Smooth texture, refined tone, visibly healthier skin: that’s the HARAMOON effect.<\/h3><h4><strong>✨ Dermatologist-tested<\/strong><br\/><strong>✨ Made in Korea with clinically-backed ingredients<\/strong><br\/><strong>✨ Designed for everyday, not just emergencies<\/strong><\/h4><p> <\/p><p>Wax | Wane is the proud, authorized partner of HARAMOON—an exclusive skincare line direct from South Korea, the skincare capital of the world.<\/p>"}}},"block_order":["text_ezTFT7"],"name":"t:sections.rich-text.presets.name","settings":{"desktop_content_position":"center","content_alignment":"center","color_scheme":"scheme-4","full_width":true,"padding_top":40,"padding_bottom":52}},"collapsible_content_gkqW8L":{"type":"collapsible-content","blocks":{"collapsible_row_d3yrpw":{"type":"collapsible_row","settings":{"heading":"Our Philosophy","icon":"clipboard","row_content":"<p>We don’t do fast trends. We curate with care—prioritizing quality, sustainability, and makers with heart. Every product supports your wellbeing and our planet.<\/p>","page":""}},"collapsible_row_cXKUbw":{"type":"collapsible_row","settings":{"heading":"Our Products","icon":"leaf","row_content":"<p>From rare skincare finds like <em>HARAMOON<\/em> to EMF-blocking fashion and wellness tools, we stock what we use and love ourselves.<\/p>","page":""}},"collapsible_row_Ta7mU3":{"type":"collapsible_row","settings":{"heading":"Small Business Friendly","icon":"star","row_content":"<p>We proudly partner with local creators and businesses. When you shop with us, you uplift real people behind the products.<\/p>","page":""}},"collapsible_row_cJWk3b":{"type":"collapsible_row","settings":{"heading":"Shipping & Sustainability","icon":"truck","row_content":"<p>We ship fast, pack mindfully, and reduce waste where possible. Every step matters—especially the small ones.<\/p>","page":""}}},"block_order":["collapsible_row_d3yrpw","collapsible_row_cXKUbw","collapsible_row_Ta7mU3","collapsible_row_cJWk3b"],"disabled":true,"name":"t:sections.collapsible_content.presets.name","settings":{"caption":"","heading":"Why Shop With <strong>Wax and Wane<\/strong>?","heading_size":"h1","heading_alignment":"center","layout":"none","container_color_scheme":"","color_scheme":"","open_first_collapsible_row":false,"image_ratio":"adapt","desktop_layout":"image_second","padding_top":36,"padding_bottom":36}},"collection_list_Q6dpTH":{"type":"collection-list","blocks":{"featured_collection_WyrWCK":{"type":"featured_collection","settings":{"collection":"haramoon-korean-skincare"}},"featured_collection_am6YiN":{"type":"featured_collection","settings":{"collection":"crystals-gemstones-natural-decor"}},"featured_collection_4jQAJV":{"type":"featured_collection","settings":{"collection":"jewelry-accessories-other-necessities"}},"featured_collection_QaXXNM":{"type":"featured_collection","settings":{"collection":"current-favorites-recommendations"}}},"block_order":["featured_collection_WyrWCK","featured_collection_am6YiN","featured_collection_4jQAJV","featured_collection_QaXXNM"],"name":"t:sections.collection-list.presets.name","settings":{"title":"Other  Collections","heading_size":"h1","image_ratio":"square","columns_desktop":4,"color_scheme":"scheme-1","show_view_all":true,"columns_mobile":"1","swipe_on_mobile":false,"padding_top":36,"padding_bottom":36}},"featured_blog_YxNctj":{"type":"featured-blog","name":"t:sections.featured-blog.presets.name","settings":{"blog":"why-korean-skincare","post_limit":3,"heading":"Blog Posts","heading_size":"h2","columns_desktop":3,"show_view_all":false,"show_image":true,"show_date":true,"show_author":false,"color_scheme":"scheme-2","padding_top":20,"padding_bottom":20}}},"order":["slideshow_TDPJeA","main-collection-product-grid","main-collection-banner","rich_text_bNhgpe","collage_m9Fpyj","rich_text_7cAxPr","collage_WVpN3B","rich_text_VePQWD","collapsible_content_gkqW8L","collection_list_Q6dpTH","featured_blog_YxNctj"]}