{"sections":{"image_banner_Ryjafq":{"type":"image-banner","blocks":{"heading_n7pQFL":{"type":"heading","disabled":true,"settings":{"heading":"Image banner","heading_size":"h1"}},"text_pCV4XY":{"type":"text","disabled":true,"settings":{"text":"Give customers details about the banner image(s) or content on the template.","text_style":"body"}},"buttons_jGFGYf":{"type":"buttons","disabled":true,"settings":{"button_label_1":"Button label","button_link_1":"","button_style_secondary_1":false,"button_label_2":"Button label","button_link_2":"","button_style_secondary_2":false}}},"block_order":["heading_n7pQFL","text_pCV4XY","buttons_jGFGYf"],"name":"t:sections.image-banner.presets.name","settings":{"image":"shopify:\/\/shop_images\/wax_and_wane_starry_night_logo_9ab82cb3-a8b9-47b2-a347-a1f0991b1240.jpg","image_overlay_opacity":10,"image_height":"adapt","image_behavior":"fixed","desktop_content_position":"middle-center","desktop_content_alignment":"center","show_text_box":true,"color_scheme":"scheme-5a71830d-bb14-4361-a5f4-6672bdde5b1f","stack_images_on_mobile":false,"mobile_content_alignment":"center","show_text_below":true}},"rich_text_GrkV8i":{"type":"rich-text","blocks":{"heading_cPqrtx":{"type":"heading","settings":{"heading":"Where Curiosity Outshines Routine.","heading_size":"h1"}},"text_pXf9B3":{"type":"text","disabled":true,"settings":{"text":"<p>Where Curiosity Outshines Routine.<\/p>"}},"button_YgxRbh":{"type":"button","disabled":true,"settings":{"button_label":"Our Intentions","button_link":"shopify:\/\/pages\/about-us","button_style_secondary":true,"button_label_2":"","button_link_2":"","button_style_secondary_2":false}}},"block_order":["heading_cPqrtx","text_pXf9B3","button_YgxRbh"],"name":"t:sections.rich-text.presets.name","settings":{"desktop_content_position":"center","content_alignment":"center","color_scheme":"scheme-4","full_width":true,"padding_top":40,"padding_bottom":52}},"collection_list_zK6tVp":{"type":"collection-list","blocks":{"featured_collection_LFekwU":{"type":"featured_collection","source":"{{ metaobjects.brand.haramoon }}","settings":{"collection":"haramoon-korean-skincare"}},"featured_collection_6TMKr3":{"type":"featured_collection","source":"{{ metaobjects.brand[\"wax-wane\"] }}","settings":{"collection":"natural-crystals-gemstones"}},"featured_collection_D8xeTw":{"type":"featured_collection","source":"{{ metaobjects.brand[\"wax-wane\"] }}","settings":{"collection":"daily-essentials"}},"featured_collection_kifp7E":{"type":"featured_collection","source":"{{ metaobjects.brand[\"wax-wane\"] }}","settings":{"collection":"current-favorites-recommendations"}},"featured_collection_MjptQn":{"type":"featured_collection","settings":{"collection":"emf-shielding-faraday-protection"}}},"block_order":["featured_collection_LFekwU","featured_collection_6TMKr3","featured_collection_D8xeTw","featured_collection_kifp7E","featured_collection_MjptQn"],"name":"t:sections.collection-list.presets.name","settings":{"title":"Featured Collections","heading_size":"h1","image_ratio":"square","columns_desktop":5,"color_scheme":"scheme-2","show_view_all":true,"columns_mobile":"1","swipe_on_mobile":true,"padding_top":36,"padding_bottom":36}},"rich_text":{"type":"rich-text","blocks":{"heading":{"type":"heading","settings":{"heading":"For Those Who Notice What Most People Miss","heading_size":"h1"}},"text_RLEYji":{"type":"text","settings":{"text":"<p><strong>The reward? Products that return the favor — considered, tested, beautiful, and quietly brilliant.<\/strong><\/p>"}}},"block_order":["heading","text_RLEYji"],"settings":{"desktop_content_position":"center","content_alignment":"center","color_scheme":"scheme-4","full_width":true,"padding_top":16,"padding_bottom":16}},"multirow_46HGgx":{"type":"multirow","blocks":{"row_GNypfg":{"type":"row","settings":{"image":"shopify:\/\/shop_images\/HARAMOON_Cream_Open_Jar_with_Texture_1846ea6d-f2ea-41c2-bc1f-a33a356dc2c9.jpg","caption":"our Premium korean skincare brand","heading":"HARAMOON Cosmetics","text":"<p>Our exclusive global partner, HARAMOON Cosmetics, is a Korean skincare brand rooted in foundational formulas that South Korean skincare is famous for. <\/p><p><strong>Made for sensitive, clog prone, and fatigued skin.<\/strong><\/p><p>These are lab-backed, skin-respecting formulas from Korea’s cosmeceutical tradition. We believe conventional beauty brands just can't compete with this growing trend.<\/p>","button_label":"Shop HARAMOON →","button_link":"shopify:\/\/collections\/haramoon-korean-skincare"}},"row_XhfF8N":{"type":"row","settings":{"image":"shopify:\/\/shop_images\/Clear_Quartz_Crystal_Pyramids.jpg","caption":"meaningful decor","heading":"Crystals & Gemstones","text":"<p>Obelisks, spheres, pyramids and more  — each chosen for its cultural, mineral, and visual weight. <\/p><p>Symbolic and striking. Form and Function.<\/p>","button_label":"Shop Crystals →","button_link":"shopify:\/\/collections\/natural-crystals-gemstones"}},"row_DbtHLB":{"type":"row","settings":{"image":"shopify:\/\/shop_images\/Faraday-EMF-Shielding-Blanket-for-Laptop-Use_-18x18inch-edited_3_ec434336-4fc7-4b81-bad7-8ff53522f750.png","caption":"reduce your exposure","heading":"EMF Shielding","text":"<p>Engineered to reduce exposure to harmful EMF radiation from modern devices like cellphones, laptops, and 5G towers.<\/p>","button_label":"Shop EMF →","button_link":"shopify:\/\/collections\/emf-shielding-faraday-protection"}}},"block_order":["row_GNypfg","row_XhfF8N","row_DbtHLB"],"name":"t:sections.multirow.presets.name","settings":{"image_height":"adapt","desktop_image_width":"medium","image_layout":"alternate-left","heading_size":"h1","text_style":"body","button_style":"secondary","desktop_content_position":"middle","desktop_content_alignment":"center","mobile_content_alignment":"center","section_color_scheme":"scheme-2","row_color_scheme":"scheme-4","padding_top":16,"padding_bottom":16}},"collage_rjbxCk":{"type":"collage","blocks":{"image_XHwAyz":{"type":"image","settings":{"image":"shopify:\/\/shop_images\/IMG_8820_11zon.webp"}},"product_qccanY":{"type":"product","settings":{"product":"haramoon-korean-toner-ph-5-5-vegan-hydrating-and-calming-solution-200ml","second_image":true}},"collection_F9KxBJ":{"type":"collection","settings":{"collection":"haramoon-skincare-sensitive-skin-korean-beauty"}}},"block_order":["image_XHwAyz","product_qccanY","collection_F9KxBJ"],"disabled":true,"name":"t:sections.collage.presets.name","settings":{"heading":"<strong>Seoul to Glass Skin : Glow with HARAMOON<\/strong>","heading_size":"h1","desktop_layout":"left","mobile_layout":"column","card_styles":"product-card-wrapper","color_scheme":"","padding_top":36,"padding_bottom":36}},"rich_text_fpDcyR":{"type":"rich-text","blocks":{"heading_CxJKGg":{"type":"heading","settings":{"heading":"<strong>Crafted Wellness for Skin, Soul & Space<\/strong>","heading_size":"h1"}},"text_WjBJ9E":{"type":"text","settings":{"text":"<p>Discover one-of-a-kind skincare, energy-balancing crystals, and conscious living tools that align beauty with purpose.<\/p>"}},"button_eBxVnD":{"type":"button","settings":{"button_label":"Explore the Collection","button_link":"shopify:\/\/collections\/skin-care-cosmetics","button_style_secondary":false,"button_label_2":"","button_link_2":"","button_style_secondary_2":false}}},"block_order":["heading_CxJKGg","text_WjBJ9E","button_eBxVnD"],"disabled":true,"name":"t:sections.rich-text.presets.name","settings":{"desktop_content_position":"center","content_alignment":"center","color_scheme":"scheme-5","full_width":true,"padding_top":40,"padding_bottom":52}},"featured_blog_4mHUQR":{"type":"featured-blog","disabled":true,"name":"t:sections.featured-blog.presets.name","settings":{"blog":"why-korean-skincare","post_limit":3,"heading":"<strong>FROM THE BLOG<\/strong>","heading_size":"h1","columns_desktop":3,"show_view_all":true,"show_image":true,"show_date":false,"show_author":false,"color_scheme":"scheme-4","padding_top":36,"padding_bottom":36}},"newsletter_rXTwfq":{"type":"newsletter","blocks":{"heading_za4H3X":{"type":"heading","settings":{"heading":"Subscribe to our emails","heading_size":"h1"}},"paragraph_BeUKkk":{"type":"paragraph","settings":{"text":"<p>Be the first to know about new collections and exclusive offers.<\/p>"}},"email_form_RBnTYG":{"type":"email_form","settings":{}}},"block_order":["heading_za4H3X","paragraph_BeUKkk","email_form_RBnTYG"],"name":"t:sections.newsletter.presets.name","settings":{"color_scheme":"","full_width":true,"padding_top":40,"padding_bottom":52}}},"order":["image_banner_Ryjafq","rich_text_GrkV8i","collection_list_zK6tVp","rich_text","multirow_46HGgx","collage_rjbxCk","rich_text_fpDcyR","featured_blog_4mHUQR","newsletter_rXTwfq"]}