{"sections":{"main":{"type":"main-page","name":"Skincare Ingredient Taxonomy Tree","settings":{"padding_top":36,"padding_bottom":36}},"17599022664025d6af":{"type":"_blocks","blocks":{"ai_gen_block_9e68004_pRmb6t":{"type":"ai_gen_block_9e68004","settings":{"logo":"shopify:\/\/shop_images\/HARAMOON_LOGO.jpg","heading":"Ingredient Taxonomy Visualizer","subtitle":"Explore our comprehensive database of skincare ingredients","background_color":"#ffffff","heading_color":"#0a506d","text_color":"#0a506d","primary_color":"#3498ff","dark_color":"#141615","grey_color":"#53585a","heading_size":32},"blocks":{}}},"block_order":["ai_gen_block_9e68004_pRmb6t"],"settings":{}},"17599024235389d5de":{"type":"_blocks","blocks":{"ai_gen_block_d561306_eczwmN":{"type":"ai_gen_block_d561306","settings":{"title":"Frequently Asked Questions","subtitle":"<p>Find answers to common questions about our skincare ingredients and their benefits.<\/p>","text_alignment":"center","allow_multiple_open":true,"first_item_open":false,"faq_1_category":"","faq_1_question":"What are the benefits of Hyaluronic Acid?","faq_1_answer":"<p>Hyaluronic Acid is a powerful humectant that can hold up to 1000 times its weight in water. It helps to deeply hydrate the skin, plump fine lines, and maintain skin elasticity. This ingredient is suitable for all skin types and works well with other active ingredients.<\/p>","faq_1_link":"","faq_2_category":"","faq_2_question":"How does Niacinamide help with skin concerns?","faq_2_answer":"<p>Niacinamide (Vitamin B3) is a versatile ingredient that helps regulate oil production, minimize the appearance of pores, improve skin texture, and reduce redness. It's gentle enough for sensitive skin and can be used morning and evening. Niacinamide also helps strengthen the skin barrier and provides antioxidant protection.<\/p>","faq_2_link":"","faq_3_category":"","faq_3_question":"What should I know about Retinol usage?","faq_3_answer":"<p>Retinol is a powerful anti-aging ingredient that promotes cell turnover and collagen production. Start with a low concentration and use only at night. Always apply sunscreen during the day when using retinol products. Begin with 2-3 times per week and gradually increase frequency as your skin builds tolerance.<\/p>","faq_3_link":"","faq_4_category":"","faq_4_question":"","faq_4_answer":"","faq_4_link":"","faq_5_category":"","faq_5_question":"","faq_5_answer":"","faq_5_link":"","faq_6_category":"","faq_6_question":"","faq_6_answer":"","faq_6_link":"","faq_7_category":"","faq_7_question":"","faq_7_answer":"","faq_7_link":"","faq_8_category":"","faq_8_question":"","faq_8_answer":"","faq_8_link":"","faq_9_category":"","faq_9_question":"","faq_9_answer":"","faq_9_link":"","faq_10_category":"","faq_10_question":"","faq_10_answer":"","faq_10_link":"","background_color":"#ffffff","title_color":"#141615","subtitle_color":"#53585a","item_background_color":"#ffffff","item_border_color":"#e5e5e5","item_hover_border_color":"#3498ff","question_color":"#141615","question_hover_color":"#3498ff","answer_background_color":"#ffffff","answer_color":"#53585a","icon_color":"#53585a","icon_active_color":"#3498ff","link_color":"#3498ff","link_hover_color":"#141615","focus_color":"#3498ff","category_background_color":"#f8f9fa","category_color":"#3498ff","title_size":32,"subtitle_size":16,"question_size":18,"answer_size":16,"category_size":14,"container_width":800,"section_padding_top":40,"section_padding_bottom":40,"header_spacing":40,"subtitle_spacing":16,"item_spacing":16,"question_padding":24,"answer_padding":24,"category_spacing":32,"category_padding":12,"item_border_width":1,"item_border_radius":8,"category_border_radius":6},"blocks":{}}},"block_order":["ai_gen_block_d561306_eczwmN"],"name":"FAQ for Skincare","settings":{}}},"order":["main","17599022664025d6af","17599024235389d5de"]}