{"sections":{"main":{"type":"main-page","disabled":true,"custom_css":[".h-wrapper {background: linear-gradient(#fff, #3498ff);}",".h-btn {background: linear-gradient(#3498ff, #53585a); color: #fff; padding: 10px 20px; border-radius: 25px; border: none; cursor: pointer; font-weight: 600;}",".h-btn:hover {transform: translateY(-2px);}",".node-haramoon.depth-0 circle {fill: #3498ff; stroke: #3498ff;}",".node-haramoon.depth-1 circle {fill: #53585a; stroke: #53585a;}",".node-haramoon.depth-2 circle {fill: #fff; stroke: #53585a;}",".node-haramoon.depth-3 circle {fill: #53585a; stroke: #53585a;}"],"settings":{"padding_top":36,"padding_bottom":36}},"rich_text_6hgi6G":{"type":"rich-text","blocks":{"heading_jBLLFY":{"type":"heading","settings":{"heading":"{{ page.title }}","heading_size":"hxxl"}},"text_d3JYaG":{"type":"text","settings":{"text":"<p><strong>Crystals Have Been Linked To Many Natural Aspects Of Our World For Millenia. <br\/>We've Gathered A Few Of Our Favorite Associations Personally Loved at Wax | Wane.<br\/><br\/><\/strong>Learn All The Things About Your Favorite Crystals, Minerals, and Semi-Precious Gemstones. Click Into Each Crystal Below For A Deeper Dive.<\/p>"}},"button_yyRibA":{"type":"button","settings":{"button_label":"","button_link":"","button_style_secondary":false,"button_label_2":"","button_link_2":"","button_style_secondary_2":false}}},"block_order":["heading_jBLLFY","text_d3JYaG","button_yyRibA"],"name":"t:sections.rich-text.presets.name","settings":{"desktop_content_position":"center","content_alignment":"center","color_scheme":"scheme-2","full_width":true,"padding_top":40,"padding_bottom":52}},"multicolumn_TV34BM":{"type":"multicolumn","blocks":{"column_6fhhxD":{"type":"column","settings":{"title":"{{ metaobjects.mineral[\"mineral-lapis-lazuli\"].display_name.value }}","text":"<p>{{ metaobjects.mineral[\"mineral-lapis-lazuli\"].seo_description | metafield_tag }}<\/p>","link_label":"Learn More","link":"{{ metaobjects.mineral[\"mineral-lapis-lazuli\"].system.url }}"}},"column_fxY4Pk":{"type":"column","settings":{"title":"{{ metaobjects.mineral[\"mineral-shungite\"].display_name.value }}","text":"<p>{{ metaobjects.mineral[\"mineral-shungite\"].seo_description | metafield_tag }}<\/p>","link_label":"Learn More","link":"{{ metaobjects.mineral[\"mineral-shungite\"].system.url }}"}},"column_LahFpd":{"type":"column","settings":{"title":"{{ metaobjects.mineral[\"mineral-watermelon-fluorite\"].display_name.value }}","text":"<p>{{ metaobjects.mineral[\"mineral-watermelon-fluorite\"].seo_description | metafield_tag }}<\/p>","link_label":"Learn More","link":"{{ metaobjects.mineral[\"mineral-watermelon-fluorite\"].system.url }}"}}},"block_order":["column_6fhhxD","column_fxY4Pk","column_LahFpd"],"name":"t:sections.multicolumn.presets.name","settings":{"title":"","heading_size":"h1","image_width":"full","image_ratio":"adapt","button_label":"","button_link":"","columns_desktop":3,"column_alignment":"left","background_style":"primary","color_scheme":"","columns_mobile":"1","swipe_on_mobile":false,"padding_top":36,"padding_bottom":16}},"multicolumn_LgdDXR":{"type":"multicolumn","blocks":{"column_eEAN7Y":{"type":"column","settings":{"title":"{{ metaobjects.mineral[\"mineral-moonstone\"].display_name.value }}","text":"<p>{{ metaobjects.mineral[\"mineral-moonstone\"].seo_description | metafield_tag }}<\/p>","link_label":"Learn More","link":"{{ metaobjects.mineral[\"mineral-moonstone\"].system.url }}"}},"column_p8d8WJ":{"type":"column","settings":{"title":"{{ metaobjects.mineral[\"mineral-rose-quartz\"].display_name.value }}","text":"<p>{{ metaobjects.mineral[\"mineral-rose-quartz\"].seo_description | metafield_tag }}<\/p>","link_label":"Learn More","link":"{{ metaobjects.mineral[\"mineral-rose-quartz\"].system.url }}"}},"column_YimaPn":{"type":"column","settings":{"title":"{{ metaobjects.mineral[\"mineral-amethyst\"].display_name.value }}","text":"<p>{{ metaobjects.mineral[\"mineral-amethyst\"].seo_description | metafield_tag }}<\/p>","link_label":"Learn More","link":"{{ metaobjects.mineral[\"mineral-amethyst\"].system.url }}"}}},"block_order":["column_eEAN7Y","column_p8d8WJ","column_YimaPn"],"name":"t:sections.multicolumn.presets.name","settings":{"title":"","heading_size":"h1","image_width":"full","image_ratio":"adapt","button_label":"","button_link":"","columns_desktop":3,"column_alignment":"left","background_style":"primary","color_scheme":"","columns_mobile":"1","swipe_on_mobile":false,"padding_top":16,"padding_bottom":16}},"featured_collection_Ri3EwY":{"type":"featured-collection","name":"t:sections.featured-collection.presets.name","settings":{"collection":"natural-crystals-gemstones","products_to_show":4,"title":"Current Collection","heading_size":"h1","description":"","show_description":false,"description_style":"body","columns_desktop":4,"enable_desktop_slider":false,"full_width":false,"show_view_all":true,"view_all_style":"solid","color_scheme":"scheme-2","image_ratio":"adapt","image_shape":"default","show_secondary_image":false,"show_vendor":false,"show_rating":false,"quick_add":"standard","columns_mobile":"2","swipe_on_mobile":true,"padding_top":36,"padding_bottom":36}},"featured_blog_3WwxX8":{"type":"featured-blog","name":"t:sections.featured-blog.presets.name","settings":{"blog":"crystals-science-magic","post_limit":3,"heading":"From The Blog","heading_size":"h1","columns_desktop":3,"show_view_all":true,"show_image":true,"show_date":false,"show_author":false,"color_scheme":"","padding_top":20,"padding_bottom":0}},"newsletter_ExTVQ8":{"type":"newsletter","blocks":{"heading_GL4mHh":{"type":"heading","settings":{"heading":"Subscribe to our emails","heading_size":"h1"}},"paragraph_WUL9Qk":{"type":"paragraph","settings":{"text":"<p>Be the first to know about new collections and exclusive offers.<\/p>"}},"email_form_y7eXxq":{"type":"email_form","settings":{}}},"block_order":["heading_GL4mHh","paragraph_WUL9Qk","email_form_y7eXxq"],"name":"t:sections.newsletter.presets.name","settings":{"color_scheme":"","full_width":true,"padding_top":40,"padding_bottom":52}}},"order":["main","rich_text_6hgi6G","multicolumn_TV34BM","multicolumn_LgdDXR","featured_collection_Ri3EwY","featured_blog_3WwxX8","newsletter_ExTVQ8"]}