{"sections":{"main":{"type":"main-page","custom_css":[],"name":"Find Your Ritual Quiz","settings":{"padding_top":36,"padding_bottom":36}},"17593261703ff56a87":{"type":"_blocks","blocks":{"ai_gen_block_3486fdc_wG7xNQ":{"type":"ai_findyourritualquiz_block_3486fdc","name":"Find your ritual quiz","settings":{"logo":"shopify:\/\/shop_images\/HARAMOON_LOGO.jpg","logo_width":260,"title":"{{ closest.page.title }}","intro":"Welcome to a journey of self-discovery. Answer these questions to find your perfect match.","question_1":"What is your primary skin concern?","question_1_option_1":"Dryness and dehydration","question_1_option_2":"Oily and acne-prone","question_1_option_3":"Sensitivity and redness","question_1_option_4":"Aging and fine lines","question_2":"What time of day do you prefer your skincare routine?","question_2_option_1":"Morning energizer","question_2_option_2":"Evening wind-down","question_2_option_3":"Both morning and night","question_2_option_4":"Whenever I remember","question_3":"How would you describe your lifestyle?","question_3_option_1":"Fast-paced and busy","question_3_option_2":"Balanced and mindful","question_3_option_3":"Relaxed and leisurely","question_3_option_4":"Active and outdoorsy","question_4":"What scent profile appeals to you most?","question_4_option_1":"Fresh and citrusy","question_4_option_2":"Floral and romantic","question_4_option_3":"Earthy and grounding","question_4_option_4":"Unscented or minimal","question_5":"What is your skincare experience level?","question_5_option_1":"Beginner - keep it simple","question_5_option_2":"Intermediate - ready to explore","question_5_option_3":"Advanced - bring on the complexity","question_5_option_4":"Expert - I know what I want","open_ended_question":"Share your unique skincare story or any specific concerns we should know about:","open_ended_placeholder":"Tell us about your skin journey, goals, or any specific needs...","result_title":"Your Perfect Ritual Awaits","result_description":"Based on your answers, we've found the perfect skincare ritual for you. This personalized recommendation will help you achieve your skin goals.","result_image":"shopify:\/\/shop_images\/HARAMOON_build_your_barrier_skincare_set.jpg","result_link":"shopify:\/\/collections\/haramoon-korean-skincare","result_button_text":"Shop Your Perfect Ritual","background_color":"#ffffff","text_color":"#002c60","progress_color":"#0b7af6","progress_bg_color":"#f0f0f0","option_bg_color":"#ffffff","option_border_color":"#e0e0e0","option_text_color":"#002c60","option_hover_bg_color":"#f8f9fa","option_hover_border_color":"#002c60","option_selected_bg_color":"#0b7af6","option_selected_border_color":"#0b7af6","option_selected_text_color":"#ffffff","primary_button_color":"#0b7af6","primary_button_text_color":"#ffffff","primary_button_hover_color":"#002c60","secondary_button_color":"#f8f9fa","secondary_button_text_color":"#002c60","secondary_button_hover_color":"#e9ecef","title_size":32,"intro_size":16,"question_size":22,"option_text_size":16,"result_title_size":28,"result_text_size":16,"progress_height":8},"blocks":{}}},"block_order":["ai_gen_block_3486fdc_wG7xNQ"],"custom_css":[".h-wrapper{background:linear-gradient(135deg,#667eea 0%,#764ba2 100%);padding:20px;border-radius:15px;text-align:center}",".h-btn{background:#fff;color:#667eea;padding:15px 30px;border-radius:30px;border:none;font-weight:700;font-size:16px;box-shadow:0 4px 15px rgba(0,0,0,.2);transition:all .3s}",".h-btn:hover{transform:scale(1.05);box-shadow:0 6px 20px rgba(0,0,0,.3)}","h1,h2,h3{color:#fff;margin:15px 0}"],"settings":{}},"1759301288eccf5b7b":{"type":"_blocks","blocks":{"ai_gen_block_90ebc6c_mtqxij":{"type":"ai_gen_block_90ebc6c","settings":{"layout":"image_right","section_padding":80,"badge_text":"","subtitle":"","title":"<h1>Radiant Skin Starts Here<\/h1>","description":"<p>Experience the transformative power of premium Korean skincare. Our carefully curated collection features gentle yet effective formulations that reveal your skin's natural luminosity.<\/p>","show_features":true,"button_text":"Shop Collection","button_link":"shopify:\/\/collections\/haramoon-korean-skincare","image":"shopify:\/\/shop_images\/White_sand_beach_hero_product_image_6.jpg","primary_gradient_color":"#d8f4ff","secondary_gradient_color":"#f0fbff","text_color":"#002c60","accent_color":"#000000","button_gradient_start":"#ffffff","button_gradient_end":"#ffffff","button_text_color":"#002c60","title_size":48,"subtitle_size":23,"description_size":20},"blocks":{}}},"block_order":["ai_gen_block_90ebc6c_mtqxij"],"custom_css":[".h-wrapper {background: linear-gradient(#fff, #3498ff);}",".h-btn {background: linear-gradient(#3498ff, #53585a); color: #fff; padding: 10px 20px; border-radius: 25px; border: none; cursor: pointer; font-weight: 600;}",".h-btn:hover {transform: translateY(-2px);}",".node-haramoon.depth-0 circle {fill: #3498ff; stroke: #3498ff;}",".node-haramoon.depth-1 circle {fill: #53585a; stroke: #53585a;}",".node-haramoon.depth-2 circle {fill: #fff; stroke: #53585a;}",".node-haramoon.depth-3 circle {fill: #53585a; stroke: #53585a;}"],"settings":{}},"featured_collection_GwXkLR":{"type":"featured-collection","name":"t:sections.featured-collection.presets.name","settings":{"collection":"haramoon-korean-skincare","products_to_show":3,"title":"","heading_size":"h2","description":"","show_description":false,"description_style":"body","columns_desktop":3,"enable_desktop_slider":true,"full_width":true,"show_view_all":true,"view_all_style":"solid","color_scheme":"scheme-1","image_ratio":"adapt","image_shape":"default","show_secondary_image":true,"show_vendor":false,"show_rating":false,"quick_add":"standard","columns_mobile":"1","swipe_on_mobile":true,"padding_top":36,"padding_bottom":36}}},"order":["main","17593261703ff56a87","1759301288eccf5b7b","featured_collection_GwXkLR"]}