{"sections":{"image_banner_6aRANM":{"type":"image-banner","name":"t:sections.image-banner.presets.name","settings":{"image":"shopify:\/\/shop_images\/wax_and_wane_logo.jpg","image_overlay_opacity":20,"image_height":"adapt","image_behavior":"none","desktop_content_position":"top-center","desktop_content_alignment":"center","show_text_box":true,"color_scheme":"","stack_images_on_mobile":true,"mobile_content_alignment":"center","show_text_below":true}},"rich_text_hzU9Hn":{"type":"rich-text","blocks":{"heading_rV78Hq":{"type":"heading","settings":{"heading":"<strong>Let’s Connect<\/strong>","heading_size":"h1"}},"text_hFjh8M":{"type":"text","settings":{"text":"<p>We’d love to hear from you! Whether you have a question, need help with an order, or just want to say hi — reach out anytime.<\/p>"}}},"block_order":["heading_rV78Hq","text_hFjh8M"],"name":"t:sections.rich-text.presets.name","settings":{"desktop_content_position":"center","content_alignment":"center","color_scheme":"","full_width":true,"padding_top":40,"padding_bottom":28}},"multicolumn_TrbYfz":{"type":"multicolumn","blocks":{"column_wBB4zC":{"type":"column","settings":{"title":"<strong>Email Us<\/strong>","text":"<p>Support@WAXANDWANE.STORE<\/p>","link_label":"","link":"mailto:info@waxandwane.store"}},"column_9mAmCa":{"type":"column","disabled":true,"settings":{"title":"<strong>WhatsApp<\/strong>","text":"<p><strong>+1 (402) 613-0299<\/strong><\/p><p>Chat with us directly for quick questions or support.<\/p>","link_label":"","link":""}},"column_kkGait":{"type":"column","settings":{"title":"<strong>Message Us<\/strong>","text":"<p><a href=\"https:\/\/www.instagram.com\/waxandwane.store\" target=\"_blank\" title=\"Wax | Wane Instagram\"><strong>Instagram<\/strong>: @waxandwane.store<\/a><\/p><p><a href=\"https:\/\/www.facebook.com\/profile.php?id=61554159014879\" target=\"_blank\" title=\"Wax | Wane Facebook\"><strong>Facebook:<\/strong> Wax | Wane<\/a><\/p>","link_label":"","link":""}},"column_U8GVzw":{"type":"column","disabled":true,"settings":{"title":"<strong>🛍️ Shop More<\/strong>","text":"<p><strong>Amazon Storefront<\/strong>:<br\/><a href=\"https:\/\/www.amazon.com\/shops\/nichewellness\">www.amazon.com\/shops\/nichewellness<\/a><\/p>","link_label":"","link":""}}},"block_order":["column_wBB4zC","column_9mAmCa","column_kkGait","column_U8GVzw"],"name":"t:sections.multicolumn.presets.name","settings":{"title":"","heading_size":"h1","image_width":"full","image_ratio":"adapt","button_label":"","button_link":"https:\/\/www.amazon.com\/shops\/nichewellness","columns_desktop":2,"column_alignment":"center","background_style":"primary","color_scheme":"scheme-1","columns_mobile":"1","swipe_on_mobile":false,"padding_top":28,"padding_bottom":28}},"main":{"type":"main-page","disabled":true,"settings":{"padding_top":36,"padding_bottom":36}},"form":{"type":"contact-form","settings":{"heading":"We’ll get back to you as soon as possible.","heading_size":"h2","color_scheme":"scheme-1","padding_top":32,"padding_bottom":32}}},"order":["image_banner_6aRANM","rich_text_hzU9Hn","multicolumn_TrbYfz","main","form"]}