{"sections":{"main":{"type":"main-page","custom_css":["body {font-family: \"Raleway\", \"Helvetica Neue\", Arial, sans-serif; color: #1c1c2e; background: #f9f9fc;}","h1,h2 {color: #0c1445; text-transform: uppercase; letter-spacing: 0.08em; border-bottom: 1px solid #ccd; padding-bottom: 0.3em;}","p {line-height: 1.7; margin: 1em 0;}","a {color: #3641a0; text-decoration: none; transition: color 0.2s ease;}","a:hover {color: #0c1445; text-decoration: underline;}",".container {max-width: 820px; margin: auto; padding: 2em;}"],"name":"Refund and Return Policy ","settings":{"padding_top":36,"padding_bottom":36}},"rich_text_hzU9Hn":{"type":"rich-text","blocks":{"heading_rV78Hq":{"type":"heading","settings":{"heading":"<strong>Let's Chat<\/strong>","heading_size":"h1"}},"text_hFjh8M":{"type":"text","settings":{"text":"<h5>We are receptive to your inquiries! <\/h5><h5>If you have questions, need assistance with an order, or simply want to reach out, please do not hesitate!<\/h5><h5>Your enquiries are welcomed with anticipation! Whether you seek answers, require help with an order, or wish to greet us, do not delay in contacting us.<\/h5>"}}},"block_order":["heading_rV78Hq","text_hFjh8M"],"name":"Let's Connect","settings":{"desktop_content_position":"center","content_alignment":"left","color_scheme":"scheme-2","full_width":true,"padding_top":40,"padding_bottom":52}},"form":{"type":"contact-form","settings":{"heading":"Fill out the form below and we’ll get back to you as soon as possible.","heading_size":"h2","color_scheme":"scheme-1","padding_top":32,"padding_bottom":36}},"multicolumn_TrbYfz":{"type":"multicolumn","blocks":{"column_wBB4zC":{"type":"column","settings":{"title":"<strong>Visit Our Amazon Storefront<\/strong>","text":"","link_label":"Shop Amazon","link":"https:\/\/www.amazon.com\/shops\/nichewellness"}},"column_9mAmCa":{"type":"column","settings":{"title":"<strong>Visit the HARAMOON Storefront<\/strong>","text":"","link_label":"Shop HARAMOON","link":"https:\/\/www.amazon.com\/stores\/page\/4D229D57-2C46-409B-8ECB-ABECAA03B46D?maas=maas_adg_A4DA55E3DD2BE0345D6AD4F53330BD25_afap_abs&ref_=aa_maas&tag=maas"}},"column_kkGait":{"type":"column","settings":{"title":"<strong>Visit Our Walmart Storefront<\/strong>","text":"","link_label":"Shop Walmart","link":"https:\/\/www.walmart.com\/global\/seller\/101478642"}},"column_U8GVzw":{"type":"column","settings":{"title":"<strong>Visit Our TikTok Shop<\/strong>","text":"","link_label":"TikTok Shop","link":"https:\/\/vt.tiktok.com\/ZT27hwePd\/?page=TikTokShop"}}},"block_order":["column_wBB4zC","column_9mAmCa","column_kkGait","column_U8GVzw"],"name":"t:sections.multicolumn.presets.name","settings":{"title":"Find More Wax | Wane Across The Web ✨","heading_size":"h0","image_width":"full","image_ratio":"adapt","button_label":"","button_link":"https:\/\/www.amazon.com\/shops\/nichewellness","columns_desktop":4,"column_alignment":"left","background_style":"primary","color_scheme":"","columns_mobile":"1","swipe_on_mobile":false,"padding_top":24,"padding_bottom":4}},"multicolumn_iAky43":{"type":"multicolumn","blocks":{"column_rfmr9N":{"type":"column","settings":{"title":"Follow On Pinterest","text":"","link_label":"Shop Pinterest","link":"https:\/\/www.pinterest.com\/uncutandunderrated\/the-wax-wane-store\/"}},"column_DerEr7":{"type":"column","settings":{"title":"Follow On Facebook","text":"","link_label":"Shop Facebook","link":"https:\/\/www.facebook.com\/profile.php?id=61554159014879"}},"column_QiJGJp":{"type":"column","settings":{"title":"Follow On Instagram","text":"","link_label":"Shop Instagram","link":"https:\/\/www.instagram.com\/waxandwane.store\/shop"}},"column_eCyd7D":{"type":"column","settings":{"title":"Follow On Youtube","text":"","link_label":"Youtube","link":"https:\/\/www.youtube.com\/@WaxandWaneStore"}}},"block_order":["column_rfmr9N","column_DerEr7","column_QiJGJp","column_eCyd7D"],"name":"t:sections.multicolumn.presets.name","settings":{"title":"","heading_size":"h1","image_width":"full","image_ratio":"adapt","button_label":"Click Here To Shop All Products","button_link":"shopify:\/\/collections\/all","columns_desktop":4,"column_alignment":"left","background_style":"primary","color_scheme":"","columns_mobile":"1","swipe_on_mobile":false,"padding_top":28,"padding_bottom":4}}},"order":["main","rich_text_hzU9Hn","form","multicolumn_TrbYfz","multicolumn_iAky43"]}