{"sections":{"image_banner_cDQWgU":{"type":"image-banner","blocks":{"heading_wGfjF6":{"type":"heading","settings":{"heading":"<strong>Modern Living from the Midwest Heartland<\/strong>","heading_size":"h0"}},"text_cAGdam":{"type":"text","settings":{"text":"Woman-owned store in Lincoln, Nebraska offering Korean skincare, authentic crystals, and EMF shielding for thoughtful, modern living.","text_style":"subtitle"}}},"block_order":["heading_wGfjF6","text_cAGdam"],"name":"t:sections.image-banner.presets.name","settings":{"image":"shopify:\/\/shop_images\/Illustration_of_hands_holding_a_crescent_moon_and_a_full_moon_against_a_white_background.png","image_overlay_opacity":20,"image_height":"small","image_behavior":"fixed","desktop_content_position":"middle-center","desktop_content_alignment":"center","show_text_box":true,"color_scheme":"scheme-5a71830d-bb14-4361-a5f4-6672bdde5b1f","stack_images_on_mobile":true,"mobile_content_alignment":"center","show_text_below":true}},"main":{"type":"main-page","settings":{"padding_top":36,"padding_bottom":36}},"multirow_QHY7c8":{"type":"multirow","blocks":{"row_jQPUma":{"type":"row","settings":{"image":"shopify:\/\/shop_images\/ChatGPT_Image_Aug_26_2025_05_21_43_PM.png","caption":"Our Story","heading":"<strong>From Lincoln, Nebraska — With Love and Intention<\/strong>","text":"<p>Born in the heartland, Wax | Wane reflects the grounded pace and quiet integrity of Nebraska life. Founded and owned by a woman with a lifelong fascination for design and detail, the store began as a small experiment in thoughtful living. Today, it connects the heartland’s sense of honesty with a modern, global reach — from Korean skincare to handcrafted goods and authentic crystals, all selected for their usefulness and beauty.<\/p>","button_label":"More About LNK","button_link":"shopify:\/\/pages\/lnk-nebraska"}},"row_hXbMeX":{"type":"row","settings":{"image":"shopify:\/\/shop_images\/witch_stained_glass_image.png","caption":"OUR CORE VALUES","heading":"<strong>Why Shop Wax | Wane?<\/strong>","text":"<p>Like the moon, we move through phases — growth, rest, reflection. Our collection mirrors that rhythm: Korean skincare for renewal, natural crystals for grounding, and EMF shielding for balance in a modern, connected world. Each category is chosen with precision, sourced ethically, and shared with transparency.<\/p>","button_label":"Shop Wax | Wane","button_link":"shopify:\/\/collections\/all"}},"row_cXBX7V":{"type":"row","settings":{"image":"shopify:\/\/shop_images\/A78A8E28-9A81-4796-A8C6-EE4EC324FB35_f35e7db0-29f3-4718-83d1-43114cef7238.png","caption":"How We Source & Create","heading":"<strong>Quality, Provenance, and Proof Over Hype<\/strong>","text":"<p>We work only with trusted suppliers and makers who value authenticity over trend. Every crystal is <strong>undyed, naturally formed<\/strong>, and evaluated for clarity and structure. Our EMF gear is <strong>tested for real shielding<\/strong>, refined for design, and ready to ship quickly through <strong>Amazon and Walmart Prime<\/strong>. Even our skincare partners are selected for <strong>clinical integrity<\/strong> and gentle formulations.<\/p>","button_label":"Visit The Blog","button_link":"shopify:\/\/blogs\/wax-wane"}}},"block_order":["row_jQPUma","row_hXbMeX","row_cXBX7V"],"name":"t:sections.multirow.presets.name","settings":{"image_height":"medium","desktop_image_width":"medium","image_layout":"alternate-left","heading_size":"h1","text_style":"body","button_style":"secondary","desktop_content_position":"middle","desktop_content_alignment":"left","mobile_content_alignment":"left","section_color_scheme":"","row_color_scheme":"","padding_top":36,"padding_bottom":36}},"rich_text_xmqEQR":{"type":"rich-text","blocks":{"heading_aNxGyR":{"type":"heading","settings":{"heading":"Thanks for being here.","heading_size":"h1"}},"text_mD3Ggt":{"type":"text","settings":{"text":"<p>Wax | Wane is a woman-owned small business rooted in Lincoln, Nebraska — a place that values honesty, craftsmanship, and patience. What began as a passion for beautiful, functional things has grown into a space where modern design meets mindful living.<\/p><p>Whether you’re discovering authentic crystals, science-led Korean skincare, or reliable EMF shielding, we’re honored to be part of your search for what feels true. Take your time exploring. Everything here was chosen with care, made to last, and meant to be used.<\/p><p><strong>Shop intentionally. Live thoughtfully. From the heartland, with love.<\/strong><\/p>"}},"button_f4PFiB":{"type":"button","settings":{"button_label":"Shop The Store","button_link":"shopify:\/\/collections\/all","button_style_secondary":false,"button_label_2":"","button_link_2":"","button_style_secondary_2":false}}},"block_order":["heading_aNxGyR","text_mD3Ggt","button_f4PFiB"],"name":"t:sections.rich-text.presets.name","settings":{"desktop_content_position":"center","content_alignment":"center","color_scheme":"scheme-2","full_width":true,"padding_top":40,"padding_bottom":52}},"collection_list_UrfLPw":{"type":"collection-list","blocks":{"featured_collection_QRpx8Q":{"type":"featured_collection","settings":{"collection":"natural-crystals-gemstones"}},"featured_collection_tPNmzJ":{"type":"featured_collection","settings":{"collection":"emf-shielding-faraday-protection"}},"featured_collection_jw74Vq":{"type":"featured_collection","settings":{"collection":"haramoon-korean-skincare"}},"featured_collection_a33K7U":{"type":"featured_collection","settings":{"collection":"daily-essentials"}}},"block_order":["featured_collection_QRpx8Q","featured_collection_tPNmzJ","featured_collection_jw74Vq","featured_collection_a33K7U"],"name":"t:sections.collection-list.presets.name","settings":{"title":"Collections","heading_size":"h1","image_ratio":"square","columns_desktop":4,"color_scheme":"","show_view_all":false,"columns_mobile":"1","swipe_on_mobile":false,"padding_top":36,"padding_bottom":36}},"newsletter_LRGE8R":{"type":"newsletter","blocks":{"heading_tkiVd3":{"type":"heading","settings":{"heading":"Subscribe to our emails","heading_size":"h1"}},"paragraph_MNKCM8":{"type":"paragraph","settings":{"text":"<p>Be the first to know about new collections and exclusive offers.<\/p>"}},"email_form_dYDd4P":{"type":"email_form","settings":{}}},"block_order":["heading_tkiVd3","paragraph_MNKCM8","email_form_dYDd4P"],"name":"t:sections.newsletter.presets.name","settings":{"color_scheme":"scheme-1","full_width":true,"padding_top":40,"padding_bottom":52}}},"order":["image_banner_cDQWgU","main","multirow_QHY7c8","rich_text_xmqEQR","collection_list_UrfLPw","newsletter_LRGE8R"]}