{"sections":{"image_banner_y6XWfa":{"type":"image-banner","blocks":{"heading_9gKYPG":{"type":"heading","disabled":true,"settings":{"heading":"","heading_size":"h2"}},"text_qWKLxE":{"type":"text","disabled":true,"settings":{"text":"Lincoln's finest professional musician and performing artist","text_style":"caption-with-letter-spacing"}},"buttons_QbmTe7":{"type":"buttons","disabled":true,"settings":{"button_label_1":"Button label","button_link_1":"","button_style_secondary_1":false,"button_label_2":"Button label","button_link_2":"","button_style_secondary_2":false}}},"block_order":["heading_9gKYPG","text_qWKLxE","buttons_QbmTe7"],"name":"t:sections.image-banner.presets.name","settings":{"image":"shopify:\/\/shop_images\/Harry_Norman_Music_hero_image.webp","image_overlay_opacity":0,"image_height":"large","image_behavior":"none","desktop_content_position":"middle-center","desktop_content_alignment":"center","show_text_box":true,"color_scheme":"","stack_images_on_mobile":true,"mobile_content_alignment":"center","show_text_below":true}},"main":{"type":"main-page","custom_css":[".h-wrapper {background: linear-gradient(#fff, #3498ff);}",".h-btn {background: linear-gradient(#3498ff, #53585a); color: #fff; padding: 10px 20px; border-radius: 25px; border: none; cursor: pointer; font-weight: 600;}",".h-btn:hover {transform: translateY(-2px);}",".node-haramoon.depth-0 circle {fill: #3498ff; stroke: #3498ff;}",".node-haramoon.depth-1 circle {fill: #53585a; stroke: #53585a;}",".node-haramoon.depth-2 circle {fill: #fff; stroke: #53585a;}",".node-haramoon.depth-3 circle {fill: #53585a; stroke: #53585a;}"],"settings":{"padding_top":36,"padding_bottom":36}}},"order":["image_banner_y6XWfa","main"]}