{"sections":{"main":{"type":"main-page","custom_css":[".h-wrapper {background: linear-gradient(#fff, #3498ff);}",".h-btn {background: linear-gradient(#3498ff, #53585a); color: #fff; padding: 10px 20px; border-radius: 25px; border: none; cursor: pointer; font-weight: 600;}",".h-btn:hover {transform: translateY(-2px);}",".node-haramoon.depth-0 circle {fill: #3498ff; stroke: #3498ff;}",".node-haramoon.depth-1 circle {fill: #53585a; stroke: #53585a;}",".node-haramoon.depth-2 circle {fill: #fff; stroke: #53585a;}",".node-haramoon.depth-3 circle {fill: #53585a; stroke: #53585a;}"],"settings":{"padding_top":36,"padding_bottom":36}},"featured_collection_Ri3EwY":{"type":"featured-collection","name":"t:sections.featured-collection.presets.name","settings":{"collection":"natural-crystals-gemstones","products_to_show":4,"title":"Our Current Collection Of Crystals","heading_size":"h1","description":"","show_description":false,"description_style":"body","columns_desktop":4,"enable_desktop_slider":false,"full_width":false,"show_view_all":true,"view_all_style":"solid","color_scheme":"","image_ratio":"adapt","image_shape":"default","show_secondary_image":false,"show_vendor":false,"show_rating":false,"quick_add":"standard","columns_mobile":"2","swipe_on_mobile":false,"padding_top":36,"padding_bottom":36}},"featured_blog_3WwxX8":{"type":"featured-blog","name":"t:sections.featured-blog.presets.name","settings":{"blog":"crystals-science-magic","post_limit":3,"heading":"From The Blog","heading_size":"h1","columns_desktop":3,"show_view_all":true,"show_image":true,"show_date":false,"show_author":false,"color_scheme":"","padding_top":20,"padding_bottom":20}}},"order":["main","featured_collection_Ri3EwY","featured_blog_3WwxX8"]}