{"sections":{"image_banner_cDQWgU":{"type":"image-banner","blocks":{"heading_wGfjF6":{"type":"heading","settings":{"heading":"<strong>Modern Living from the Midwest Heartland<\/strong>","heading_size":"h0"}},"text_cAGdam":{"type":"text","settings":{"text":"Woman-owned store in Lincoln, Nebraska offering Korean skincare, authentic crystals, and EMF shielding for thoughtful, modern living.","text_style":"subtitle"}}},"block_order":["heading_wGfjF6","text_cAGdam"],"disabled":true,"name":"t:sections.image-banner.presets.name","settings":{"image":"shopify:\/\/shop_images\/Illustration_of_hands_holding_a_crescent_moon_and_a_full_moon_against_a_white_background.png","image_overlay_opacity":20,"image_height":"small","image_behavior":"fixed","desktop_content_position":"middle-center","desktop_content_alignment":"center","show_text_box":true,"color_scheme":"scheme-5a71830d-bb14-4361-a5f4-6672bdde5b1f","stack_images_on_mobile":true,"mobile_content_alignment":"center","show_text_below":true}},"main":{"type":"main-page","disabled":true,"settings":{"padding_top":36,"padding_bottom":36}},"featured_product_9gUCaT":{"type":"featured-product","blocks":{"text_NCzA6W":{"type":"text","settings":{"text":"{{ section.settings.product.vendor }}","text_style":"uppercase"}},"title_h76CPP":{"type":"title","settings":{"heading_size":"h2"}},"price_y6akGM":{"type":"price","settings":{}},"variant_picker_xtPAdY":{"type":"variant_picker","settings":{"picker_type":"button","swatch_shape":"circle"}},"quantity_selector_CRTATF":{"type":"quantity_selector","settings":{}},"buy_buttons_RLX8UG":{"type":"buy_buttons","settings":{"show_dynamic_checkout":false,"show_gift_card_recipient":false}},"share_hdA3A4":{"type":"share","settings":{"share_label":"Share"}}},"block_order":["text_NCzA6W","title_h76CPP","price_y6akGM","variant_picker_xtPAdY","quantity_selector_CRTATF","buy_buttons_RLX8UG","share_hdA3A4"],"name":"t:sections.featured-product.presets.name","settings":{"product":"aunt-samanthas-router-security-lockdown-local-in-home-service","color_scheme":"scheme-18454811-40b3-4438-bce6-d3a35687366e","secondary_background":true,"media_size":"large","constrain_to_viewport":true,"media_fit":"cover","media_position":"left","image_zoom":"none","hide_variants":false,"enable_video_looping":false,"padding_top":20,"padding_bottom":20}},"rich_text_xmqEQR":{"type":"rich-text","blocks":{"heading_aNxGyR":{"type":"heading","settings":{"heading":"Thanks for being here.","heading_size":"h1"}},"text_mD3Ggt":{"type":"text","settings":{"text":"<p>Wax | Wane is a woman-owned small business rooted in Lincoln, Nebraska — a place that values honesty, craftsmanship, and patience. What began as a passion for beautiful, functional things has grown into a space where modern design meets mindful living.<\/p><p>Whether you’re discovering authentic crystals, science-led Korean skincare, or reliable EMF shielding, we’re honored to be part of your search for what feels true. Take your time exploring. Everything here was chosen with care, made to last, and meant to be used.<\/p><p><strong>Shop intentionally. Live thoughtfully. From the heartland, with love.<\/strong><\/p>"}},"button_f4PFiB":{"type":"button","settings":{"button_label":"Shop The Store","button_link":"shopify:\/\/collections\/all","button_style_secondary":false,"button_label_2":"","button_link_2":"","button_style_secondary_2":false}}},"block_order":["heading_aNxGyR","text_mD3Ggt","button_f4PFiB"],"disabled":true,"name":"t:sections.rich-text.presets.name","settings":{"desktop_content_position":"center","content_alignment":"center","color_scheme":"scheme-2","full_width":true,"padding_top":40,"padding_bottom":52}},"collection_list_UrfLPw":{"type":"collection-list","blocks":{"featured_collection_QRpx8Q":{"type":"featured_collection","settings":{"collection":"natural-crystals-gemstones"}},"featured_collection_tPNmzJ":{"type":"featured_collection","settings":{"collection":"emf-shielding-faraday-protection"}},"featured_collection_jw74Vq":{"type":"featured_collection","settings":{"collection":"haramoon-korean-skincare"}},"featured_collection_a33K7U":{"type":"featured_collection","settings":{"collection":"daily-essentials"}}},"block_order":["featured_collection_QRpx8Q","featured_collection_tPNmzJ","featured_collection_jw74Vq","featured_collection_a33K7U"],"disabled":true,"name":"t:sections.collection-list.presets.name","settings":{"title":"Collections","heading_size":"h1","image_ratio":"square","columns_desktop":4,"color_scheme":"","show_view_all":false,"columns_mobile":"1","swipe_on_mobile":false,"padding_top":36,"padding_bottom":36}},"newsletter_LRGE8R":{"type":"newsletter","blocks":{"heading_tkiVd3":{"type":"heading","settings":{"heading":"Subscribe to our emails","heading_size":"h1"}},"paragraph_MNKCM8":{"type":"paragraph","settings":{"text":"<p>Be the first to know about new collections and exclusive offers.<\/p>"}},"email_form_dYDd4P":{"type":"email_form","settings":{}}},"block_order":["heading_tkiVd3","paragraph_MNKCM8","email_form_dYDd4P"],"disabled":true,"name":"t:sections.newsletter.presets.name","settings":{"color_scheme":"scheme-1","full_width":true,"padding_top":40,"padding_bottom":52}}},"order":["image_banner_cDQWgU","main","featured_product_9gUCaT","rich_text_xmqEQR","collection_list_UrfLPw","newsletter_LRGE8R"]}