{"sections":{"main":{"type":"main-page","custom_css":[".h-wrapper {background: linear-gradient(#fff, #3498ff);}",".h-btn {background: linear-gradient(#3498ff, #53585a); color: #fff; padding: 10px 20px; border-radius: 25px; border: none; cursor: pointer; font-weight: 600;}",".h-btn:hover {transform: translateY(-2px);}",".node-haramoon.depth-0 circle {fill: #3498ff; stroke: #3498ff;}",".node-haramoon.depth-1 circle {fill: #53585a; stroke: #53585a;}",".node-haramoon.depth-2 circle {fill: #fff; stroke: #53585a;}",".node-haramoon.depth-3 circle {fill: #53585a; stroke: #53585a;}"],"settings":{"padding_top":36,"padding_bottom":36}},"17593261703ff56a87":{"type":"_blocks","settings":{}},"1759301288eccf5b7b":{"type":"_blocks","blocks":{"ai_gen_block_90ebc6c_mtqxij":{"type":"ai_gen_block_90ebc6c","settings":{"layout":"image_right","section_padding":80,"badge_text":"New Collection ✨","subtitle":"Korean Skincare","title":"<p>Radiant Skin Starts Here<\/p>","description":"<p>Experience the transformative power of premium Korean skincare. Our carefully curated collection features gentle yet effective formulations that reveal your skin's natural luminosity.<\/p>","show_features":true,"button_text":"Shop Collection","button_link":"","image":"shopify:\/\/shop_images\/ampoule_with_beach.jpg","primary_gradient_color":"#f8f4f0","secondary_gradient_color":"#ffffff","text_color":"#2c2c2c","accent_color":"#0082ee","button_gradient_start":"#0b7af6","button_gradient_end":"#ffffff","button_text_color":"#ffffff","title_size":38,"subtitle_size":14,"description_size":15},"blocks":{}}},"block_order":["ai_gen_block_90ebc6c_mtqxij"],"custom_css":[".h-wrapper {background: linear-gradient(#fff, #3498ff);}",".h-btn {background: linear-gradient(#3498ff, #53585a); color: #fff; padding: 10px 20px; border-radius: 25px; border: none; cursor: pointer; font-weight: 600;}",".h-btn:hover {transform: translateY(-2px);}",".node-haramoon.depth-0 circle {fill: #3498ff; stroke: #3498ff;}",".node-haramoon.depth-1 circle {fill: #53585a; stroke: #53585a;}",".node-haramoon.depth-2 circle {fill: #fff; stroke: #53585a;}",".node-haramoon.depth-3 circle {fill: #53585a; stroke: #53585a;}"],"settings":{}},"1759301460908f223e":{"type":"_blocks","blocks":{"ai_gen_block_9306306_RxLTdk":{"type":"ai_gen_block_9306306","settings":{"title":"Korean Skincare Ingredients Guide","subtitle":"Discover the power of Korean beauty ingredients and learn how to incorporate them into your skincare routine for healthy, glowing skin.","show_tips":true,"section_padding":60,"card_border_radius":12,"title_size":36,"subtitle_size":16,"background_color":"#ffffff","text_color":"#002c60","title_color":"#00b5ff","subtitle_color":"#002c60","card_background":"#ffffff","card_border_color":"#ffffff","card_title_color":"#00b5ff","korean_text_color":"#a3a3a3","description_color":"#002c60","benefits_title_color":"#ffffff","benefit_text_color":"#555555","benefit_icon_color":"#0e5349","expand_icon_color":"#ab94a0","usage_background":"#f9f4f4","usage_title_color":"#ffffff","usage_text_color":"#002c60","icon_gradient_start":"#002c60","icon_gradient_end":"#002c60","tips_gradient_start":"#ffffff","tips_gradient_end":"#0082ee"},"blocks":{}}},"block_order":["ai_gen_block_9306306_RxLTdk"],"disabled":true,"custom_css":[".h-wrapper {background: linear-gradient(#fff, #3498ff);}",".h-btn {background: linear-gradient(#3498ff, #53585a); color: #fff; padding: 10px 20px; border-radius: 25px; border: none; cursor: pointer; font-weight: 600;}",".h-btn:hover {transform: translateY(-2px);}",".node-haramoon.depth-0 circle {fill: #3498ff; stroke: #3498ff;}",".node-haramoon.depth-1 circle {fill: #53585a; stroke: #53585a;}",".node-haramoon.depth-2 circle {fill: #fff; stroke: #53585a;}",".node-haramoon.depth-3 circle {fill: #53585a; stroke: #53585a;}"],"settings":{}}},"order":["main","17593261703ff56a87","1759301288eccf5b7b","1759301460908f223e"]}