{"sections":{"main":{"type":"main-product","blocks":{"text":{"type":"text","settings":{"text":"{{ product.vendor }}","text_style":"uppercase"}},"text_bLk6dX":{"type":"text","settings":{"text":"<strong>{{ product.title }}<\/strong>","text_style":"subtitle"}},"price":{"type":"price","settings":{}},"variant_picker":{"type":"variant_picker","settings":{"picker_type":"dropdown","swatch_shape":"circle"}},"quantity_selector":{"type":"quantity_selector","settings":{}},"description_TKaPMK":{"type":"description","settings":{}},"share":{"type":"share","disabled":true,"settings":{"share_label":"Share"}},"buy_buttons":{"type":"buy_buttons","settings":{"show_dynamic_checkout":true,"show_gift_card_recipient":true}},"amazon_mcf_and_buy_with_prime_promise_delivery_EciNfq":{"type":"shopify:\/\/apps\/amazon-mcf-and-buy-with-prime\/blocks\/promise_delivery\/cd9463cc-4da0-4f9f-92a6-6e3f345eb3ce","settings":{"message_variant":"concise","show_exception_message":true,"background_color":"#17aef3","transparent_background":false,"color":"#000000","font":"anonymous_pro_n4","font_size":13,"horizontal_alignment":"center","corner_radius":0,"top-padding":-19,"bottom-padding":-29,"left-padding":-27,"right-padding":6,"top-margin":-30,"bottom-margin":-32,"left-margin":-32,"right-margin":23}},"amazon_mcf_and_buy_with_prime_promotion_banner_container_thnTWX":{"type":"shopify:\/\/apps\/amazon-mcf-and-buy-with-prime\/blocks\/promotion-banner-container\/cd9463cc-4da0-4f9f-92a6-6e3f345eb3ce","settings":{"horizontal_alignment":"center"}},"complementary_iAXB6M":{"type":"complementary","settings":{"block_heading":"Pairs well with","make_collapsible_row":true,"icon":"price_tag","product_list_limit":3,"products_per_page":2,"pagination_style":"dots","image_ratio":"portrait","enable_quick_add":true}},"collapsible_tab_p7BjTN":{"type":"collapsible_tab","disabled":true,"settings":{"heading":"Full Ingredient List","icon":"clipboard","content":"","page":""}},"collapsible_tab_PYtnDF":{"type":"collapsible_tab","disabled":true,"settings":{"heading":"Benefits","icon":"heart","content":"<p><\/p><p><\/p>","page":""}},"collapsible_tab_jTnw3Y":{"type":"collapsible_tab","settings":{"heading":"Returns and Refunds","icon":"return","content":"<p>We provide a 14-day return window for unused items returned in their original packaging. However, we don't issue refunds for used, worn, or damaged items due to normal use or misuse. If you return a non-approved item without a valid reason or outside the 14-day timeframe, we reserve the right to charge a restocking fee of up to 25% of the purchase price and will extend store credit at our discretion.<\/p>","page":""}}},"block_order":["text","text_bLk6dX","price","variant_picker","quantity_selector","description_TKaPMK","share","buy_buttons","amazon_mcf_and_buy_with_prime_promise_delivery_EciNfq","amazon_mcf_and_buy_with_prime_promotion_banner_container_thnTWX","complementary_iAXB6M","collapsible_tab_p7BjTN","collapsible_tab_PYtnDF","collapsible_tab_jTnw3Y"],"settings":{"enable_sticky_info":true,"color_scheme":"scheme-18454811-40b3-4438-bce6-d3a35687366e","media_size":"large","constrain_to_viewport":true,"media_fit":"cover","gallery_layout":"thumbnail_slider","mobile_thumbnails":"hide","media_position":"left","image_zoom":"lightbox","hide_variants":false,"enable_video_looping":true,"padding_top":36,"padding_bottom":40}},"related-products":{"type":"related-products","settings":{"heading":"You may also like","heading_size":"h2","products_to_show":3,"columns_desktop":3,"columns_mobile":"2","color_scheme":"scheme-2","image_ratio":"portrait","image_shape":"default","show_secondary_image":true,"show_vendor":false,"show_rating":false,"padding_top":16,"padding_bottom":40}},"multicolumn_cW6eAw":{"type":"multicolumn","blocks":{"column_dk9NeW":{"type":"column","settings":{"image":"shopify:\/\/shop_images\/HARAMOON_Cleanser_Cream_up_close_3a4b81e6-5743-4142-a99e-23061aae1c6e.jpg","title":"<strong>Skin-Wise, Seoul-Gentle<\/strong>","text":"<p>HARAMOON's complete skincare collection guarantees visible, science-backed skin transformation—no filler products, no fluff.<\/p>","link_label":"","link":"shopify:\/\/collections\/haramoon-skincare-premium-k-beauty"}},"column_zE9Y7p":{"type":"column","settings":{"image":"shopify:\/\/shop_images\/Silver-Lined-Faraday-Beanie-Cap---Shield-Brain-from-Electronic-Radiation-_One-Size_-edited_1_d9eecab1-d468-4c02-bf9f-88d20fdeb615.png","title":"<strong>Carefully Curated<\/strong>","text":"<p>Every item is handpicked to serve a purpose—affordable, sustainable, and thoughtfully designed. We choose quality over clutter, always.<\/p>","link_label":"","link":"shopify:\/\/collections"}},"column_zdU9Er":{"type":"column","settings":{"image":"shopify:\/\/shop_images\/IMG_3999.png","title":"<strong>With Good Intentions<\/strong>","text":"<p>We support small brands, local artists, and all things to help out the underdog. Shopping with us elevates voices that capitalism suppresses.<\/p>","link_label":"","link":"shopify:\/\/collections\/current-favorites-recommendations"}}},"block_order":["column_dk9NeW","column_zE9Y7p","column_zdU9Er"],"disabled":true,"settings":{"title":"","heading_size":"h1","image_width":"third","image_ratio":"circle","button_label":"Discover Our Story","button_link":"shopify:\/\/pages\/about-us","columns_desktop":3,"column_alignment":"center","background_style":"primary","color_scheme":"scheme-5a71830d-bb14-4361-a5f4-6672bdde5b1f","columns_mobile":"1","swipe_on_mobile":true,"padding_top":76,"padding_bottom":36}},"multirow_9kwR94":{"type":"multirow","blocks":{"row_eKLahA":{"type":"row","settings":{"caption":"discover k-beauty","heading":"<strong>Seoul Science, Skin Deep.<\/strong>","text":"<p>Formulated without parabens, sulfates, or synthetic fragrance, HARAMOON is South Korea's premier skincare line. <br\/><br\/>Each product is gentle enough for sensitive and acne-prone skin, yet powerful enough to transform texture and tone. <\/p><p><strong>No parabens. No sulfates. No fragrance. No fluff.<\/strong><br\/><\/p>","button_label":"Shop Now","button_link":"shopify:\/\/collections\/daily-essentials"}},"row_hNGhaW":{"type":"row","settings":{"caption":"in every way","heading":"Practically Perfect","text":"<p>Beauty isn’t just about aesthetics — it’s about feeling good and functional, too. Our products turn your daily routine into a magical moment. <\/p><p>Accessorize with intention, nourish with purpose.<\/p>","button_label":"Browse Now","button_link":"shopify:\/\/collections\/daily-essentials"}}},"block_order":["row_eKLahA","row_hNGhaW"],"disabled":true,"settings":{"image_height":"medium","desktop_image_width":"medium","image_layout":"alternate-left","heading_size":"h1","text_style":"body","button_style":"secondary","desktop_content_position":"middle","desktop_content_alignment":"left","mobile_content_alignment":"left","section_color_scheme":"","row_color_scheme":"","padding_top":36,"padding_bottom":36}},"rich_text_49tBnU":{"type":"rich-text","blocks":{"heading_3LmAFf":{"type":"heading","settings":{"heading":"Why We Chose HARAMOON","heading_size":"h1"}},"text_y6dkGq":{"type":"text","settings":{"text":"<p>At Wax and Wane, we believe in skincare that’s honest, healing, and rooted in nature. HARAMOON stood out as a Korean beauty brand that aligns with our values — minimal, science-backed, and built for real skin challenges.<\/p><p>Whether you’re dealing with stress, dehydration, or sensitivity, these products offer more than a quick fix — they provide a foundation for long-term skin health.<\/p><p>Our goal? To empower you to feel radiant and calm in your own skin — every single day.<\/p>"}},"button_WmxBmj":{"type":"button","settings":{"button_label":"Discover More","button_link":"shopify:\/\/collections\/daily-essentials","button_style_secondary":false,"button_label_2":"","button_link_2":"","button_style_secondary_2":false}}},"block_order":["heading_3LmAFf","text_y6dkGq","button_WmxBmj"],"disabled":true,"settings":{"desktop_content_position":"center","content_alignment":"center","color_scheme":"","full_width":true,"padding_top":40,"padding_bottom":52}}},"order":["main","related-products","multicolumn_cW6eAw","multirow_9kwR94","rich_text_49tBnU"]}