{"sections":{"1761606515075c8768":{"type":"_blocks","blocks":{"ai_gen_block_d7970b8_iMdRgk":{"type":"ai_gen_block_d7970b8","disabled":true,"settings":{"heading":"Step  4 of 5 in Your Korean Skincare Routine","emoji_before":"","emoji_after":"","heading_size":40,"step_1_label":"Cleanser","step_1_benefit":"Deep cleanse","step_2_label":"Toner","step_2_benefit":"Balance pH","step_3_label":"Ampoule","step_3_benefit":"Boost hydration","step_4_label":"Serum","step_4_benefit":"Target concerns","step_5_label":"Cream","step_5_benefit":"Lock moisture","circle_size":70,"label_size":14,"background_color":"#ffffff","background_gradient_color":"#f5f5f5","text_color":"#141615","inactive_text_color":"#53585a","active_text_color":"#ffffff","active_color":"#3498ff","active_gradient_color":"#2980d9","completed_color":"#53585a","completed_gradient_color":"#3d4143","glass_bg_color":"#ffffff","glass_highlight":"#ffffff","shadow_color":"#141615","accent_color_1":"#3498ff","accent_color_2":"#53585a","connector_color":"#53585a","tooltip_bg_color":"#141615","tooltip_text_color":"#ffffff","border_radius":16},"blocks":{}}},"block_order":["ai_gen_block_d7970b8_iMdRgk"],"settings":{}},"main":{"type":"main-product","blocks":{"title_YnbYiR":{"type":"title","settings":{}},"text_rciagC":{"type":"text","settings":{"text":"{{ metaobjects.haramoon_101[\"silky-hydration-ampoule-1\"].skin_care_effect | metafield_text: field: 'label' }}","text_style":"subtitle"}},"variant_picker":{"type":"variant_picker","settings":{"picker_type":"button","swatch_shape":"circle"}},"description_TKaPMK":{"type":"description","settings":{}},"share":{"type":"share","disabled":true,"settings":{"share_label":"Share"}},"icon_with_text_F7jwf7":{"type":"icon-with-text","settings":{"layout":"vertical","icon_1":"plant","heading_1":"Vegan","icon_2":"perfume","heading_2":"Fragrance-Free","icon_3":"snowflake","heading_3":"Non-irritating"}},"price":{"type":"price","settings":{}},"quantity_selector":{"type":"quantity_selector","settings":{}},"inventory_emWWFE":{"type":"inventory","settings":{"text_style":"body","inventory_threshold":10,"show_inventory_quantity":true}},"buy_buttons":{"type":"buy_buttons","settings":{"show_dynamic_checkout":true,"show_gift_card_recipient":true}},"amazon_mcf_and_buy_with_prime_promise_delivery_EciNfq":{"type":"shopify:\/\/apps\/amazon-mcf-and-buy-with-prime\/blocks\/promise_delivery\/cd9463cc-4da0-4f9f-92a6-6e3f345eb3ce","disabled":true,"settings":{"message_variant":"concise","show_exception_message":true,"background_color":"#17aef3","transparent_background":false,"color":"#000000","font":"anonymous_pro_n4","font_size":13,"horizontal_alignment":"center","corner_radius":0,"top-padding":-19,"bottom-padding":-29,"left-padding":-27,"right-padding":6,"top-margin":-30,"bottom-margin":-32,"left-margin":-32,"right-margin":23}},"amazon_mcf_and_buy_with_prime_promotion_banner_container_thnTWX":{"type":"shopify:\/\/apps\/amazon-mcf-and-buy-with-prime\/blocks\/promotion-banner-container\/cd9463cc-4da0-4f9f-92a6-6e3f345eb3ce","disabled":true,"settings":{"horizontal_alignment":"center"}},"icon_with_text_XPaCDz":{"type":"icon-with-text","disabled":true,"settings":{"layout":"horizontal","icon_1":"heart","heading_1":"Heading","icon_2":"return","heading_2":"Heading","icon_3":"truck","heading_3":"Heading"}},"collapsible_tab_ecnErT":{"type":"collapsible_tab","source":"{{ product.metafields.custom.haramoon.value }}","settings":{"heading":"How To Use","icon":"question_mark","content":"<p>{{ product.metafields.custom.haramoon.value.how_to_use | metafield_tag }}<\/p>","page":""}},"collapsible_tab_PYtnDF":{"type":"collapsible_tab","source":"{{ metaobjects.haramoon_101[\"immortal-peptide-serum\"] }}","settings":{"heading":"Full Ingredient List","content":"<p>{{ metaobjects.haramoon_101[\"immortal-peptide-serum\"].full_ingredient_list | metafield_tag }}<\/p>"}},"collapsible_tab_jTnw3Y":{"type":"collapsible_tab","disabled":true,"settings":{"heading":"Returns and Refunds","icon":"return","content":"<p>We provide a 14-day return window for unused items returned in their original packaging. However, we don't issue refunds for used, worn, or damaged items due to normal use or misuse. If you return a non-approved item without a valid reason or outside the 14-day timeframe, we reserve the right to charge a restocking fee of up to 25% of the purchase price and will extend store credit at our discretion.<\/p>","page":""}}},"block_order":["title_YnbYiR","text_rciagC","variant_picker","description_TKaPMK","share","icon_with_text_F7jwf7","price","quantity_selector","inventory_emWWFE","buy_buttons","amazon_mcf_and_buy_with_prime_promise_delivery_EciNfq","amazon_mcf_and_buy_with_prime_promotion_banner_container_thnTWX","icon_with_text_XPaCDz","collapsible_tab_ecnErT","collapsible_tab_PYtnDF","collapsible_tab_jTnw3Y"],"settings":{"enable_sticky_info":true,"color_scheme":"scheme-5a71830d-bb14-4361-a5f4-6672bdde5b1f","media_size":"small","constrain_to_viewport":true,"media_fit":"contain","gallery_layout":"thumbnail_slider","mobile_thumbnails":"hide","media_position":"left","image_zoom":"lightbox","hide_variants":false,"enable_video_looping":true,"padding_top":36,"padding_bottom":40}},"related-products":{"type":"related-products","settings":{"heading":"Complete Your Routine","heading_size":"h2","products_to_show":4,"columns_desktop":4,"columns_mobile":"2","color_scheme":"scheme-2","image_ratio":"portrait","image_shape":"default","show_secondary_image":true,"show_vendor":false,"show_rating":false,"padding_top":16,"padding_bottom":40}},"blocks_DGrbDr":{"type":"_blocks","blocks":{"hmingredient_interactiveelements_3GArX6":{"type":"hmingredient-interactiveelements","disabled":true,"settings":{"section_title":"","ingredient_tree_url":"","text_alignment":"left","section_padding":40,"title_size":28,"title_color":"#141615","show_ingredient_badges":true,"ingredient_spacing":12,"badge_font_size":14,"badge_padding_vertical":8,"badge_padding_horizontal":16,"badge_border_radius":20,"badge_border_width":1,"badge_bg_color":"#ffffff","badge_text_color":"#3498ff","badge_border_color":"#3498ff","badge_hover_bg_color":"#3498ff","badge_hover_text_color":"#ffffff","badge_hover_border_color":"#3498ff","tooltip_width":280,"tooltip_border_radius":8,"tooltip_bg_color":"#ffffff","tooltip_text_color":"#141615","tooltip_border_color":"#e0e0e0","tooltip_title_color":"#141615","tooltip_function_color":"#53585a","show_key_ingredients":true,"key_ingredients_title":"Hero Ingredients","key_title_size":22,"key_title_color":"#141615","key_item_border_radius":8,"key_item_bg_color":"#ffffff","key_item_hover_bg_color":"#f8f9fa","key_item_border_color":"#e0e0e0","key_item_title_color":"#141615","key_item_function_color":"#53585a","key_item_text_color":"#141615","ingredient_1_enabled":true,"ingredient_1_name":"{{ metaobjects.ingredient_profile.madecassoside.name.value }}","ingredient_1_function":"{{ metaobjects.ingredient_profile.madecassoside.main_function.value }}","ingredient_1_benefits":"Provides intense hydration and plumps the skin for a youthful appearance.","ingredient_1_origin":"{{ metaobjects.ingredient_profile.madecassoside.skin_benefits.value }}{{ metaobjects.ingredient_profile.madecassoside.ingredient_origin.value }}","ingredient_2_enabled":true,"ingredient_2_name":"Vitamin C","ingredient_2_function":"Antioxidant","ingredient_2_benefits":"Brightens skin tone and protects against environmental damage.","ingredient_2_origin":"Natural","ingredient_3_enabled":true,"ingredient_3_name":"Niacinamide","ingredient_3_function":"Skin conditioning","ingredient_3_benefits":"Minimizes pores and regulates oil production for clearer skin.","ingredient_3_origin":"Synthetic","ingredient_4_enabled":true,"ingredient_4_name":"{{ metaobjects.haramoon_101[\"immortal-peptide-serum\"].ingredient_profile | metafield_text: field: 'name' }}","ingredient_4_function":"","ingredient_4_benefits":"","ingredient_4_origin":"","ingredient_5_enabled":false,"ingredient_5_name":"","ingredient_5_function":"","ingredient_5_benefits":"","ingredient_5_origin":"","ingredient_6_enabled":false,"ingredient_6_name":"","ingredient_6_function":"","ingredient_6_benefits":"","ingredient_6_origin":"","ingredient_7_enabled":false,"ingredient_7_name":"","ingredient_7_function":"","ingredient_7_benefits":"","ingredient_7_origin":"","ingredient_8_enabled":false,"ingredient_8_name":"","ingredient_8_function":"","ingredient_8_benefits":"","ingredient_8_origin":"","key_ingredient_1_enabled":true,"key_ingredient_1_name":"Retinol","key_ingredient_1_function":"Anti-aging powerhouse","key_ingredient_1_benefits":"Stimulates collagen production and accelerates cell turnover for smoother, younger-looking skin.","key_ingredient_2_enabled":true,"key_ingredient_2_name":"Peptides","key_ingredient_2_function":"Skin firming complex","key_ingredient_2_benefits":"Helps rebuild skin structure and improve elasticity for a firmer, more youthful appearance.","key_ingredient_3_enabled":false,"key_ingredient_3_name":"","key_ingredient_3_function":"","key_ingredient_3_benefits":"","key_ingredient_4_enabled":false,"key_ingredient_4_name":"","key_ingredient_4_function":"","key_ingredient_4_benefits":""},"blocks":{}},"ai_gen_block_d7970b8_3VWVMN":{"type":"ai_gen_block_d7970b8","name":"Korean skincare routine","disabled":true,"settings":{"heading":"Step {{ metaobjects.haramoon_101[\"immortal-peptide-serum\"].routine_step_number.value }} of 5 in Your Korean Skincare Routine","emoji_before":"","emoji_after":"💧","heading_size":28,"step_1_label":"Step 1 Cleanser","step_1_benefit":"Deep cleanse","step_2_label":"Step 2 Toner","step_2_benefit":"Balance pH","step_3_label":"Step 3 Ampoule","step_3_benefit":"Boost hydration","step_4_label":"Step 4 Serum","step_4_benefit":"Target concerns","step_5_label":"Step 5 Cream","step_5_benefit":"Lock moisture","circle_size":70,"label_size":14,"background_color":"#ffffff","background_gradient_color":"#f5f5f5","text_color":"#141615","inactive_text_color":"#53585a","active_text_color":"#ffffff","active_color":"#3498ff","active_gradient_color":"#2980d9","completed_color":"#53585a","completed_gradient_color":"#3d4143","glass_bg_color":"#ffffff","glass_highlight":"#ffffff","shadow_color":"#141615","accent_color_1":"#3498ff","accent_color_2":"#53585a","connector_color":"#53585a","tooltip_bg_color":"#141615","tooltip_text_color":"#ffffff","border_radius":16},"blocks":{}}},"block_order":["hmingredient_interactiveelements_3GArX6","ai_gen_block_d7970b8_3VWVMN"],"name":"Ingredient elements","settings":{}},"video_jPKMty":{"type":"video","name":"t:sections.video.presets.name","settings":{"heading":"","heading_size":"h1","enable_video_looping":true,"video":"shopify:\/\/files\/videos\/[HARAMOON]ANTI-PHOTOAGING PEPTI SERUM.mp4","video_url":"https:\/\/youtu.be\/blcfP7jTOPQ?si=go1_BLE5oS5gITx_","cover_image":"shopify:\/\/shop_images\/haramoon-skincare-banner-blue-branding.png","description":"HARAMOON Korean Skincare featuring Antiphotoaging Serum","full_width":false,"color_scheme":"scheme-2","padding_top":36,"padding_bottom":36}},"multicolumn_cW6eAw":{"type":"multicolumn","blocks":{"column_dk9NeW":{"type":"column","settings":{"image":"shopify:\/\/shop_images\/HARAMOON_Cleanser_Cream_up_close_3a4b81e6-5743-4142-a99e-23061aae1c6e.jpg","title":"<strong>Skin-Wise, Seoul-Gentle<\/strong>","text":"<p>HARAMOON's complete skincare collection guarantees visible, science-backed skin transformation—no filler products, no fluff.<\/p>","link_label":"","link":"shopify:\/\/collections\/haramoon-skincare-premium-k-beauty"}},"column_zE9Y7p":{"type":"column","settings":{"image":"shopify:\/\/shop_images\/Silver-Lined-Faraday-Beanie-Cap---Shield-Brain-from-Electronic-Radiation-_One-Size_-edited_1_d9eecab1-d468-4c02-bf9f-88d20fdeb615.png","title":"<strong>Carefully Curated<\/strong>","text":"<p>Every item is handpicked to serve a purpose—affordable, sustainable, and thoughtfully designed. We choose quality over clutter, always.<\/p>","link_label":"","link":"shopify:\/\/collections"}},"column_zdU9Er":{"type":"column","settings":{"image":"shopify:\/\/shop_images\/IMG_3999.png","title":"<strong>With Good Intentions<\/strong>","text":"<p>We support small brands, local artists, and all things to help out the underdog. Shopping with us elevates voices that capitalism suppresses.<\/p>","link_label":"","link":"shopify:\/\/collections\/current-favorites-recommendations"}}},"block_order":["column_dk9NeW","column_zE9Y7p","column_zdU9Er"],"disabled":true,"settings":{"title":"","heading_size":"h1","image_width":"third","image_ratio":"circle","button_label":"Discover Our Story","button_link":"shopify:\/\/pages\/about-us","columns_desktop":3,"column_alignment":"center","background_style":"primary","color_scheme":"scheme-5a71830d-bb14-4361-a5f4-6672bdde5b1f","columns_mobile":"1","swipe_on_mobile":true,"padding_top":76,"padding_bottom":36}},"multirow_9kwR94":{"type":"multirow","blocks":{"row_eKLahA":{"type":"row","disabled":true,"settings":{"caption":"discover k-beauty","heading":"<strong>Seoul Science, Skin Deep.<\/strong>","text":"<p>Formulated without parabens, sulfates, or synthetic fragrance, HARAMOON is South Korea's premier skincare line. <br\/><br\/>Each product is gentle enough for sensitive and acne-prone skin, yet powerful enough to transform texture and tone. <\/p><p><strong>No parabens. No sulfates. No fragrance. No fluff.<\/strong><br\/><\/p>","button_label":"Shop Now","button_link":"shopify:\/\/collections\/daily-essentials"}},"row_hNGhaW":{"type":"row","settings":{"caption":"in every way","heading":"Practically Perfect","text":"<p>Beauty isn’t just about aesthetics — it’s about feeling good and functional, too. Our products turn your daily routine into a magical moment. <\/p><p>Accessorize with intention, nourish with purpose.<\/p>","button_label":"Browse Now","button_link":"shopify:\/\/collections\/daily-essentials"}}},"block_order":["row_eKLahA","row_hNGhaW"],"disabled":true,"settings":{"image_height":"medium","desktop_image_width":"medium","image_layout":"alternate-left","heading_size":"h1","text_style":"body","button_style":"secondary","desktop_content_position":"middle","desktop_content_alignment":"left","mobile_content_alignment":"left","section_color_scheme":"","row_color_scheme":"","padding_top":36,"padding_bottom":36}},"rich_text_49tBnU":{"type":"rich-text","blocks":{"heading_3LmAFf":{"type":"heading","settings":{"heading":"Why We Chose HARAMOON","heading_size":"h1"}},"text_y6dkGq":{"type":"text","settings":{"text":"<p>At Wax and Wane, we believe in skincare that’s honest, healing, and rooted in nature. HARAMOON stood out as a Korean beauty brand that aligns with our values — minimal, science-backed, and built for real skin challenges.<\/p><p>Whether you’re dealing with stress, dehydration, or sensitivity, these products offer more than a quick fix — they provide a foundation for long-term skin health.<\/p><p>Our goal? To empower you to feel radiant and calm in your own skin — every single day.<\/p>"}},"button_WmxBmj":{"type":"button","settings":{"button_label":"Discover More","button_link":"shopify:\/\/collections\/daily-essentials","button_style_secondary":false,"button_label_2":"","button_link_2":"","button_style_secondary_2":false}}},"block_order":["heading_3LmAFf","text_y6dkGq","button_WmxBmj"],"disabled":true,"settings":{"desktop_content_position":"center","content_alignment":"center","color_scheme":"","full_width":true,"padding_top":40,"padding_bottom":52}},"featured_blog_GCgTFE":{"type":"featured-blog","name":"t:sections.featured-blog.presets.name","settings":{"blog":"why-korean-skincare","post_limit":3,"heading":"The K-beauty blog","heading_size":"h2","columns_desktop":3,"show_view_all":false,"show_image":true,"show_date":true,"show_author":false,"color_scheme":"","padding_top":20,"padding_bottom":24}},"1761614538f20cc936":{"type":"_blocks","blocks":{"ai_gen_block_5611c6b_txMQPU":{"type":"ai_gen_block_5611c6b","settings":{"heading_text":"Your Glass Skin Journey","heading_size":32,"heading_color":"#141615","step_1_number":"1","step_1_emoji":"💧","step_1_label":"Cleanser","step_2_number":"2","step_2_emoji":"🌸","step_2_label":"Toner","step_3_number":"3","step_3_emoji":"✨","step_3_label":"Ampoule","step_4_number":"4","step_4_emoji":"💫","step_4_label":"Serum","step_5_number":"5","step_5_emoji":"🔥","step_5_label":"Cream","circle_size":120,"step_spacing":60,"step_number_size":24,"emoji_size":32,"label_size":14,"active_color":"#3498ff","inactive_color":"#53585a","text_color":"#141615","background_color":"#ffffff","blur_amount":10,"section_padding":60},"blocks":{}}},"block_order":["ai_gen_block_5611c6b_txMQPU"],"disabled":true,"settings":{}}},"order":["1761606515075c8768","main","related-products","blocks_DGrbDr","video_jPKMty","multicolumn_cW6eAw","multirow_9kwR94","rich_text_49tBnU","featured_blog_GCgTFE","1761614538f20cc936"]}