{"current":{"logo":"shopify:\/\/shop_images\/wax_and_wane_logo.jpg","logo_width":90,"favicon":"shopify:\/\/shop_images\/Illustration_of_hands_holding_a_crescent_moon_and_a_full_moon_against_a_white_background_ee28e229-961b-4289-92e7-a8c18221ba7a.png","type_header_font":"dm_serif_display_n4","heading_scale":100,"type_body_font":"poppins_n4","body_scale":100,"page_width":1600,"spacing_sections":12,"spacing_grid_horizontal":40,"spacing_grid_vertical":12,"animations_reveal_on_scroll":false,"animations_hover_elements":"default","buttons_border_thickness":1,"buttons_border_opacity":100,"buttons_radius":6,"buttons_shadow_opacity":0,"buttons_shadow_horizontal_offset":0,"buttons_shadow_vertical_offset":4,"buttons_shadow_blur":5,"variant_pills_border_thickness":1,"variant_pills_border_opacity":55,"variant_pills_radius":40,"variant_pills_shadow_opacity":0,"variant_pills_shadow_horizontal_offset":0,"variant_pills_shadow_vertical_offset":4,"variant_pills_shadow_blur":5,"inputs_border_thickness":1,"inputs_border_opacity":55,"inputs_radius":6,"inputs_shadow_opacity":0,"inputs_shadow_horizontal_offset":0,"inputs_shadow_vertical_offset":-8,"inputs_shadow_blur":5,"card_style":"card","card_image_padding":0,"card_text_alignment":"center","card_color_scheme":"scheme-1","card_border_thickness":1,"card_border_opacity":10,"card_corner_radius":6,"card_shadow_opacity":0,"card_shadow_horizontal_offset":0,"card_shadow_vertical_offset":4,"card_shadow_blur":5,"collection_card_style":"card","collection_card_image_padding":0,"collection_card_text_alignment":"center","collection_card_color_scheme":"scheme-1","collection_card_border_thickness":1,"collection_card_border_opacity":10,"collection_card_corner_radius":6,"collection_card_shadow_opacity":0,"collection_card_shadow_horizontal_offset":0,"collection_card_shadow_vertical_offset":4,"collection_card_shadow_blur":5,"blog_card_style":"card","blog_card_image_padding":0,"blog_card_text_alignment":"center","blog_card_color_scheme":"scheme-1","blog_card_border_thickness":1,"blog_card_border_opacity":10,"blog_card_corner_radius":6,"blog_card_shadow_opacity":0,"blog_card_shadow_horizontal_offset":0,"blog_card_shadow_vertical_offset":4,"blog_card_shadow_blur":5,"text_boxes_border_thickness":0,"text_boxes_border_opacity":10,"text_boxes_radius":6,"text_boxes_shadow_opacity":0,"text_boxes_shadow_horizontal_offset":0,"text_boxes_shadow_vertical_offset":4,"text_boxes_shadow_blur":5,"media_border_thickness":0,"media_border_opacity":10,"media_radius":6,"media_shadow_opacity":0,"media_shadow_horizontal_offset":0,"media_shadow_vertical_offset":4,"media_shadow_blur":5,"popup_border_thickness":1,"popup_border_opacity":50,"popup_corner_radius":6,"popup_shadow_opacity":0,"popup_shadow_horizontal_offset":0,"popup_shadow_vertical_offset":4,"popup_shadow_blur":5,"drawer_border_thickness":1,"drawer_border_opacity":10,"drawer_shadow_opacity":0,"drawer_shadow_horizontal_offset":0,"drawer_shadow_vertical_offset":4,"drawer_shadow_blur":5,"badge_position":"bottom left","badge_corner_radius":6,"sale_badge_color_scheme":"scheme-5","sold_out_badge_color_scheme":"scheme-4","brand_headline":"with good intentions","brand_description":"<p>for those who notice what most overlook — where beauty hides in precision and purpose.<\/p>","brand_image":"shopify:\/\/shop_images\/wax_and_wane_starry_night_logo_9ab82cb3-a8b9-47b2-a347-a1f0991b1240.jpg","brand_image_width":100,"social_facebook_link":"https:\/\/www.facebook.com\/waxandwane.store","social_instagram_link":"https:\/\/www.instagram.com\/waxandwane.store","social_youtube_link":"https:\/\/www.youtube.com\/@WaxandWaneStore","social_tiktok_link":"https:\/\/www.tiktok.com\/waxandwane.store","social_twitter_link":"","social_snapchat_link":"","social_pinterest_link":"https:\/\/www.pinterest.com\/uncutandunderrated\/","social_tumblr_link":"","social_vimeo_link":"","predictive_search_enabled":false,"predictive_search_show_vendor":false,"predictive_search_show_price":true,"currency_code_enabled":true,"cart_type":"drawer","show_vendor":false,"show_cart_note":false,"cart_drawer_collection":"current-favorites-recommendations","cart_color_scheme":"scheme-1","sections":{"main-password-header":{"type":"main-password-header","settings":{"color_scheme":"scheme-1"}},"main-password-footer":{"type":"main-password-footer","settings":{"color_scheme":"scheme-1"}}},"content_for_index":[],"blocks":{"13768625480086291342":{"type":"shopify:\/\/apps\/forms\/blocks\/forms\/8744a304-fcb1-4347-b211-bb6b4759a76a","disabled":false,"settings":{}},"15683396631634586217":{"type":"shopify:\/\/apps\/inbox\/blocks\/chat\/841fc607-4181-4ad1-842d-e24d7f8bad6b","disabled":false,"settings":{"button_color":"#000000","secondary_color":"#FFFFFF","ternary_color":"#6A6A6A","button_icon":"chat_bubble","button_text":"chat_with_us","button_horizontal_position":"bottom_right","button_vertical_position":"lowest","greeting_message":""}}},"color_schemes":{"scheme-1":{"settings":{"background":"#ffffff","background_gradient":"","text":"#0a506d","button":"#0a506d","button_label":"#ffffff","secondary_button_label":"#0a506d","shadow":"#0a506d"}},"scheme-2":{"settings":{"background":"#001f44","background_gradient":"","text":"#dbe8ff","button":"#002c60","button_label":"#fffbf4","secondary_button_label":"#dbe8ff","shadow":"#252525"}},"scheme-3":{"settings":{"background":"#ab94a0","background_gradient":"","text":"#efecec","button":"#0e5349","button_label":"#ab94a0","secondary_button_label":"#0e5349","shadow":"#252525"}},"scheme-4":{"settings":{"background":"#efeeec","background_gradient":"","text":"#002c60","button":"#0a506d","button_label":"#ab94a0","secondary_button_label":"#002c60","shadow":"#252525"}},"scheme-5":{"settings":{"background":"#efecec","background_gradient":"","text":"#062633","button":"#0a506d","button_label":"#efecec","secondary_button_label":"#000000","shadow":"#0a506d"}},"scheme-18454811-40b3-4438-bce6-d3a35687366e":{"settings":{"background":"#0e5349","background_gradient":"","text":"#fffbf4","button":"#dbe8ff","button_label":"#2c332f","secondary_button_label":"#0a506d","shadow":"#dbe8ff"}},"scheme-5a71830d-bb14-4361-a5f4-6672bdde5b1f":{"settings":{"background":"#ffffff","background_gradient":"","text":"#0a506d","button":"#0a506d","button_label":"#ffffff","secondary_button_label":"#0a506d","shadow":"#0a506d"}}}},"presets":{"Default":{"logo_width":100,"color_schemes":{"scheme-1":{"settings":{"background":"#EFECEC","background_gradient":"","text":"#252525","button":"#2C332F","button_label":"#FFFFFF","secondary_button_label":"#505655","shadow":"#252525"}},"scheme-2":{"settings":{"background":"#FFFFFF","background_gradient":"","text":"#252525","button":"#252525","button_label":"#FFFFFF","secondary_button_label":"#252525","shadow":"#252525"}},"scheme-3":{"settings":{"background":"#716A56","background_gradient":"","text":"#EFECEC","button":"#EFECEC","button_label":"#716A56","secondary_button_label":"#EFECEC","shadow":"#252525"}},"scheme-4":{"settings":{"background":"#2C332F","background_gradient":"","text":"#EFECEC","button":"#EFECEC","button_label":"#2C332F","secondary_button_label":"#EFECEC","shadow":"#252525"}},"scheme-5":{"settings":{"background":"#3F5147","background_gradient":"","text":"#EFECEC","button":"#EFECEC","button_label":"#3F5147","secondary_button_label":"#EFECEC","shadow":"#252525"}}},"type_header_font":"trirong_n3","heading_scale":110,"type_body_font":"quattrocento_sans_n4","body_scale":100,"page_width":1200,"spacing_sections":0,"spacing_grid_horizontal":20,"spacing_grid_vertical":20,"animations_reveal_on_scroll":true,"animations_hover_elements":"none","buttons_border_thickness":1,"buttons_border_opacity":100,"buttons_radius":6,"buttons_shadow_opacity":0,"buttons_shadow_horizontal_offset":0,"buttons_shadow_vertical_offset":4,"buttons_shadow_blur":5,"variant_pills_border_thickness":1,"variant_pills_border_opacity":55,"variant_pills_radius":40,"variant_pills_shadow_opacity":0,"variant_pills_shadow_horizontal_offset":0,"variant_pills_shadow_vertical_offset":4,"variant_pills_shadow_blur":5,"inputs_border_thickness":1,"inputs_border_opacity":55,"inputs_radius":6,"inputs_shadow_opacity":0,"inputs_shadow_horizontal_offset":0,"inputs_shadow_vertical_offset":4,"inputs_shadow_blur":5,"card_style":"card","card_image_padding":0,"card_text_alignment":"left","card_color_scheme":"scheme-1","card_border_thickness":1,"card_border_opacity":10,"card_corner_radius":6,"card_shadow_opacity":0,"card_shadow_horizontal_offset":0,"card_shadow_vertical_offset":4,"card_shadow_blur":5,"collection_card_style":"card","collection_card_image_padding":0,"collection_card_text_alignment":"left","collection_card_color_scheme":"scheme-1","collection_card_border_thickness":1,"collection_card_border_opacity":10,"collection_card_corner_radius":6,"collection_card_shadow_opacity":0,"collection_card_shadow_horizontal_offset":0,"collection_card_shadow_vertical_offset":4,"collection_card_shadow_blur":5,"blog_card_style":"card","blog_card_image_padding":0,"blog_card_text_alignment":"left","blog_card_color_scheme":"scheme-1","blog_card_border_thickness":1,"blog_card_border_opacity":10,"blog_card_corner_radius":6,"blog_card_shadow_opacity":0,"blog_card_shadow_horizontal_offset":0,"blog_card_shadow_vertical_offset":4,"blog_card_shadow_blur":5,"text_boxes_border_thickness":0,"text_boxes_border_opacity":10,"text_boxes_radius":6,"text_boxes_shadow_opacity":0,"text_boxes_shadow_horizontal_offset":0,"text_boxes_shadow_vertical_offset":4,"text_boxes_shadow_blur":5,"media_border_thickness":0,"media_border_opacity":10,"media_radius":6,"media_shadow_opacity":0,"media_shadow_horizontal_offset":0,"media_shadow_vertical_offset":4,"media_shadow_blur":5,"popup_border_thickness":1,"popup_border_opacity":50,"popup_corner_radius":6,"popup_shadow_opacity":0,"popup_shadow_horizontal_offset":0,"popup_shadow_vertical_offset":4,"popup_shadow_blur":5,"drawer_border_thickness":1,"drawer_border_opacity":10,"drawer_shadow_opacity":0,"drawer_shadow_horizontal_offset":0,"drawer_shadow_vertical_offset":4,"drawer_shadow_blur":5,"badge_position":"bottom left","badge_corner_radius":6,"sale_badge_color_scheme":"scheme-5","sold_out_badge_color_scheme":"scheme-4","brand_headline":"","brand_description":"","brand_image_width":100,"social_twitter_link":"","social_facebook_link":"","social_pinterest_link":"","social_instagram_link":"","social_tiktok_link":"","social_tumblr_link":"","social_snapchat_link":"","social_youtube_link":"","social_vimeo_link":"","predictive_search_enabled":true,"predictive_search_show_vendor":false,"predictive_search_show_price":true,"currency_code_enabled":true,"cart_type":"notification","show_vendor":false,"show_cart_note":false,"cart_drawer_collection":"","cart_color_scheme":"scheme-1","sections":{"main-password-header":{"type":"main-password-header","settings":{"color_scheme":"scheme-1"}},"main-password-footer":{"type":"main-password-footer","settings":{"color_scheme":"scheme-1"}}}}},"platform_customizations":{"custom_css":[]}}